Wogem_DANS24,life_stage,n_trips_unweighted,weighted_trips,cycling_share,car_share,utilitarian_trip_share,leisure_social_trip_share,avg_dist_km,gemeente,n_buurten,population,pop_weighted_total_access,pop_weighted_utilitarian_access,pop_weighted_leisure_social_access,share_high_density,share_vinex_like,elderly_share,family_hh_share,dominant_type,municipality_name
743,Child/Teen (<18),10,9.761663682873218,0.26113634134877134,0.1498743748330352,0.3295285082899084,0.6704714917100916,,Asten,28.0,17405.0,82.54294742889974,61.16403332375754,21.3789141051422,0.0,0.25,0.2410226946279804,0.3587697662203636,Mixed gemeente,Asten
743,Family w/ Kids,14,15.856320232499957,0.33136238799258666,0.35306152295211907,0.5754353696992787,0.31557608905529416,,Asten,28.0,17405.0,82.54294742889974,61.16403332375754,21.3789141051422,0.0,0.25,0.2410226946279804,0.3587697662203636,Mixed gemeente,Asten
743,Mid-life No Kids (30-54),14,16.134377502807723,0.2365072602164485,0.6146369482590979,0.32054204705931694,0.6794579529406831,,Asten,28.0,17405.0,82.54294742889974,61.16403332375754,21.3789141051422,0.0,0.25,0.2410226946279804,0.3587697662203636,Mixed gemeente,Asten
743,Older Adult (55-69),28,27.79638528358149,0.06446161647469857,0.907904596665111,0.6016955895433498,0.3196443988423724,,Asten,28.0,17405.0,82.54294742889974,61.16403332375754,21.3789141051422,0.0,0.25,0.2410226946279804,0.3587697662203636,Mixed gemeente,Asten
743,Senior (70+),32,28.90395999606875,0.6605470980562343,0.0,0.49173185856878565,0.4891793814668463,,Asten,28.0,17405.0,82.54294742889974,61.16403332375754,21.3789141051422,0.0,0.25,0.2410226946279804,0.3587697662203636,Mixed gemeente,Asten
743,Young Adult (18-29),21,26.267185830864697,0.32726781475762373,0.6027069100665574,0.5939531223246249,0.40604687767537495,,Asten,28.0,17405.0,82.54294742889974,61.16403332375754,21.3789141051422,0.0,0.25,0.2410226946279804,0.3587697662203636,Mixed gemeente,Asten
744,Child/Teen (<18),1,0.5947193934231433,1.0,0.0,0.0,1.0,1.9838888888888888,Baarle-Nassau,10.0,7200.0,43.29236111111111,23.711111111111112,19.58125,0.0,0.3,0.2791666666666667,0.3174496141629762,Mixed gemeente,Baarle-Nassau
744,Family w/ Kids,8,6.764382250695969,0.44024282528388986,0.27987858735805504,0.7201214126419448,0.27987858735805504,1.9838888888888888,Baarle-Nassau,10.0,7200.0,43.29236111111111,23.711111111111112,19.58125,0.0,0.3,0.2791666666666667,0.3174496141629762,Mixed gemeente,Baarle-Nassau
744,Older Adult (55-69),9,9.628065144587103,0.3097150497773625,0.3515923184722657,0.5668808043233234,0.43311919567667645,1.983888888888889,Baarle-Nassau,10.0,7200.0,43.29236111111111,23.711111111111112,19.58125,0.0,0.3,0.2791666666666667,0.3174496141629762,Mixed gemeente,Baarle-Nassau
744,Young Adult (18-29),13,13.464519358359178,0.21275411670751654,0.7872458832924834,0.7790703874703279,0.0,1.9838888888888886,Baarle-Nassau,10.0,7200.0,43.29236111111111,23.711111111111112,19.58125,0.0,0.3,0.2791666666666667,0.3174496141629762,Mixed gemeente,Baarle-Nassau
748,Child/Teen (<18),50,55.366178363315456,0.5568272059868526,0.22328804653208142,0.7423272007819488,0.18978970471881293,,Bergen op Zoom,38.0,70185.0,171.51442615943577,104.00577046377433,67.50865569566146,0.4210526315789473,0.0789473684210526,0.23096103155945,0.3269361110557106,Mixed gemeente,Bergen op Zoom
748,Family w/ Kids,83,79.18099563162471,0.24243917109940588,0.45516658652016223,0.4116987180543507,0.3953828237989068,,Bergen op Zoom,38.0,70185.0,171.51442615943577,104.00577046377433,67.50865569566146,0.4210526315789473,0.0789473684210526,0.23096103155945,0.3269361110557106,Mixed gemeente,Bergen op Zoom
748,Mid-life No Kids (30-54),78,73.9316236772831,0.25754931501102774,0.3427537230484801,0.3714519592052478,0.5074917388597419,,Bergen op Zoom,38.0,70185.0,171.51442615943577,104.00577046377433,67.50865569566146,0.4210526315789473,0.0789473684210526,0.23096103155945,0.3269361110557106,Mixed gemeente,Bergen op Zoom
748,Older Adult (55-69),71,63.48357607327324,0.3325062305692813,0.3585485282441207,0.4898314197482398,0.3665680625672389,,Bergen op Zoom,38.0,70185.0,171.51442615943577,104.00577046377433,67.50865569566146,0.4210526315789473,0.0789473684210526,0.23096103155945,0.3269361110557106,Mixed gemeente,Bergen op Zoom
748,Senior (70+),62,52.59225554407115,0.3726161799749319,0.14876562158337142,0.523645590417395,0.44027846194319575,,Bergen op Zoom,38.0,70185.0,171.51442615943577,104.00577046377433,67.50865569566146,0.4210526315789473,0.0789473684210526,0.23096103155945,0.3269361110557106,Mixed gemeente,Bergen op Zoom
748,Young Adult (18-29),46,44.62554065790745,0.1461842116480008,0.3536595011827931,0.5988175011556226,0.3687849268818941,,Bergen op Zoom,38.0,70185.0,171.51442615943577,104.00577046377433,67.50865569566146,0.4210526315789473,0.0789473684210526,0.23096103155945,0.3269361110557106,Mixed gemeente,Bergen op Zoom
753,Child/Teen (<18),38,47.48458741502159,0.4581428839014819,0.3306976118151402,0.4661388659167774,0.505609208843151,,Best,19.0,31665.0,1.1411653244907627,0.8376756671403758,0.3034896573503868,0.1578947368421052,0.1052631578947368,0.2073267014053371,0.376618295306962,Mixed gemeente,Best
753,Family w/ Kids,23,25.617897443215178,0.17588775913540847,0.5308419535818871,0.3775378056924118,0.35268168462512056,,Best,19.0,31665.0,1.1411653244907627,0.8376756671403758,0.3034896573503868,0.1578947368421052,0.1052631578947368,0.2073267014053371,0.376618295306962,Mixed gemeente,Best
753,Mid-life No Kids (30-54),28,31.60115017824684,0.09757512829967548,0.6538752612738149,0.4186389945358388,0.37211998174086447,,Best,19.0,31665.0,1.1411653244907627,0.8376756671403758,0.3034896573503868,0.1578947368421052,0.1052631578947368,0.2073267014053371,0.376618295306962,Mixed gemeente,Best
753,Older Adult (55-69),52,48.085355545649506,0.29132370226696513,0.3496940333532324,0.52980733239613,0.39449675436727055,,Best,19.0,31665.0,1.1411653244907627,0.8376756671403758,0.3034896573503868,0.1578947368421052,0.1052631578947368,0.2073267014053371,0.376618295306962,Mixed gemeente,Best
753,Senior (70+),37,24.50002764990773,0.2953008039875681,0.5196409221554505,0.6159537083164495,0.2612644657300678,,Best,19.0,31665.0,1.1411653244907627,0.8376756671403758,0.3034896573503868,0.1578947368421052,0.1052631578947368,0.2073267014053371,0.376618295306962,Mixed gemeente,Best
753,Young Adult (18-29),11,13.640916437792047,0.2793458458903059,0.4663004711128653,0.04700965887143008,0.8613570486683676,,Best,19.0,31665.0,1.1411653244907627,0.8376756671403758,0.3034896573503868,0.1578947368421052,0.1052631578947368,0.2073267014053371,0.376618295306962,Mixed gemeente,Best
755,Child/Teen (<18),5,6.383623528231141,1.0,0.0,0.39999999999999997,0.6,1.2217523975588491,Boekel,8.0,11470.0,37.361813426329554,23.31691368788143,14.044899738448123,0.0,0.75,0.2061900610287707,0.3977712634434087,VINEX-like gemeente,Boekel
755,Family w/ Kids,26,22.872896647753578,0.2625656782206455,0.5264655763682157,0.4321263417515226,0.2282392806902152,1.2217523975588491,Boekel,8.0,11470.0,37.361813426329554,23.31691368788143,14.044899738448123,0.0,0.75,0.2061900610287707,0.3977712634434087,VINEX-like gemeente,Boekel
755,Older Adult (55-69),41,49.561187315956204,0.11091921773663135,0.3461873402545936,0.583225462689301,0.30312955300425437,1.2217523975588491,Boekel,8.0,11470.0,37.361813426329554,23.31691368788143,14.044899738448123,0.0,0.75,0.2061900610287707,0.3977712634434087,VINEX-like gemeente,Boekel
755,Senior (70+),4,2.987774636445233,0.710662674562489,0.28933732543751106,0.28933732543751106,0.710662674562489,1.2217523975588491,Boekel,8.0,11470.0,37.361813426329554,23.31691368788143,14.044899738448123,0.0,0.75,0.2061900610287707,0.3977712634434087,VINEX-like gemeente,Boekel
755,Young Adult (18-29),1,0.6993684183169749,0.0,0.0,0.0,1.0,1.2217523975588491,Boekel,8.0,11470.0,37.361813426329554,23.31691368788143,14.044899738448123,0.0,0.75,0.2061900610287707,0.3977712634434087,VINEX-like gemeente,Boekel
757,Child/Teen (<18),42,48.52704912311531,0.6092449996481157,0.19327090314479367,0.4291638548959077,0.5106232672826766,1.0069983936915887,Boxtel,19.0,34240.0,62.90435163551402,41.867990654205606,21.03636098130841,0.0,0.3157894736842105,0.2387558411214953,0.3357110823747508,Mixed gemeente,Boxtel
757,Family w/ Kids,40,40.65631534600408,0.10186682915907942,0.748966881548268,0.22367077911309427,0.4744796044484328,1.0069983936915887,Boxtel,19.0,34240.0,62.90435163551402,41.867990654205606,21.03636098130841,0.0,0.3157894736842105,0.2387558411214953,0.3357110823747508,Mixed gemeente,Boxtel
757,Mid-life No Kids (30-54),25,21.639778686662208,0.19232738916319142,0.4741777032221946,0.5951448954099486,0.25894773113305636,1.0069983936915887,Boxtel,19.0,34240.0,62.90435163551402,41.867990654205606,21.03636098130841,0.0,0.3157894736842105,0.2387558411214953,0.3357110823747508,Mixed gemeente,Boxtel
757,Older Adult (55-69),51,48.742629096634445,0.3298391930191689,0.34122638602479327,0.3071294819570437,0.5590241870765231,1.0069983936915887,Boxtel,19.0,34240.0,62.90435163551402,41.867990654205606,21.03636098130841,0.0,0.3157894736842105,0.2387558411214953,0.3357110823747508,Mixed gemeente,Boxtel
757,Senior (70+),52,44.454329755505555,0.41406923083920205,0.20530038228498115,0.7677393652914642,0.1415416036811335,1.0069983936915887,Boxtel,19.0,34240.0,62.90435163551402,41.867990654205606,21.03636098130841,0.0,0.3157894736842105,0.2387558411214953,0.3357110823747508,Mixed gemeente,Boxtel
757,Young Adult (18-29),43,43.337165723017776,0.454550319007435,0.2587832491818918,0.25912563113581116,0.509603356790369,1.0069983936915887,Boxtel,19.0,34240.0,62.90435163551402,41.867990654205606,21.03636098130841,0.0,0.3157894736842105,0.2387558411214953,0.3357110823747508,Mixed gemeente,Boxtel
758,Child/Teen (<18),140,152.0180316461411,0.4847524676815752,0.23769313162676511,0.6202310466091194,0.3457076818139544,0.6946749205508475,Breda,56.0,188800.0,196.06906779661017,105.99774894067797,90.0713188559322,0.4642857142857143,0.0714285714285714,0.1956302966101694,0.3049197021566998,Mixed gemeente,Breda
758,Family w/ Kids,237,236.63815495060547,0.38117253789282335,0.2909759765134833,0.41126525009779935,0.361825427464649,0.6946749205508475,Breda,56.0,188800.0,196.06906779661017,105.99774894067797,90.0713188559322,0.4642857142857143,0.0714285714285714,0.1956302966101694,0.3049197021566998,Mixed gemeente,Breda
758,Mid-life No Kids (30-54),161,169.2293702548356,0.23023743457943077,0.2950770869833026,0.5673654401827409,0.32079909897275233,0.6946749205508475,Breda,56.0,188800.0,196.06906779661017,105.99774894067797,90.0713188559322,0.4642857142857143,0.0714285714285714,0.1956302966101694,0.3049197021566998,Mixed gemeente,Breda
758,Older Adult (55-69),246,246.1005533556555,0.25030820816755356,0.3279164542565886,0.43895699473315597,0.49125663691321425,0.6946749205508475,Breda,56.0,188800.0,196.06906779661017,105.99774894067797,90.0713188559322,0.4642857142857143,0.0714285714285714,0.1956302966101694,0.3049197021566998,Mixed gemeente,Breda
758,Senior (70+),196,141.9668209573818,0.3813871490961568,0.32802436825260933,0.5542696845598037,0.3013508834107741,0.6946749205508476,Breda,56.0,188800.0,196.06906779661017,105.99774894067797,90.0713188559322,0.4642857142857143,0.0714285714285714,0.1956302966101694,0.3049197021566998,Mixed gemeente,Breda
758,Young Adult (18-29),163,149.5878411654297,0.36993865219964595,0.25552147507640355,0.5100917687844606,0.4456306382885396,0.6946749205508475,Breda,56.0,188800.0,196.06906779661017,105.99774894067797,90.0713188559322,0.4642857142857143,0.0714285714285714,0.1956302966101694,0.3049197021566998,Mixed gemeente,Breda
762,Child/Teen (<18),38,48.36164755864465,0.6146978291532812,0.22688776365144822,0.6138456534774535,0.34200707336526126,,Deurne,29.0,33395.0,33.70160203623297,20.36352747417278,13.33807456206019,0.0344827586206896,0.2758620689655172,0.2404551579577781,0.3495360804914902,Mixed gemeente,Deurne
762,Family w/ Kids,40,45.03993846968551,0.2740170409915678,0.6266535795408428,0.3534374134836118,0.4637435983598463,,Deurne,29.0,33395.0,33.70160203623297,20.36352747417278,13.33807456206019,0.0344827586206896,0.2758620689655172,0.2404551579577781,0.3495360804914902,Mixed gemeente,Deurne
762,Mid-life No Kids (30-54),27,33.6233248537444,0.16858983358351604,0.7179051118753491,0.7556242017143322,0.21046295414539137,,Deurne,29.0,33395.0,33.70160203623297,20.36352747417278,13.33807456206019,0.0344827586206896,0.2758620689655172,0.2404551579577781,0.3495360804914902,Mixed gemeente,Deurne
762,Older Adult (55-69),53,58.34250395109955,0.2865056263038847,0.38425223335684644,0.32632817137945247,0.6004914750035325,,Deurne,29.0,33395.0,33.70160203623297,20.36352747417278,13.33807456206019,0.0344827586206896,0.2758620689655172,0.2404551579577781,0.3495360804914902,Mixed gemeente,Deurne
762,Senior (70+),8,7.195315728413105,0.2701814307325471,0.24519700012501391,0.2701814307325471,0.48462156914243903,,Deurne,29.0,33395.0,33.70160203623297,20.36352747417278,13.33807456206019,0.0344827586206896,0.2758620689655172,0.2404551579577781,0.3495360804914902,Mixed gemeente,Deurne
762,Young Adult (18-29),27,31.495486563917954,0.23408574179942937,0.5672632415263392,0.3324042952069718,0.589736655569852,,Deurne,29.0,33395.0,33.70160203623297,20.36352747417278,13.33807456206019,0.0344827586206896,0.2758620689655172,0.2404551579577781,0.3495360804914902,Mixed gemeente,Deurne
766,Child/Teen (<18),16,24.76469123143679,0.28684946972539554,0.23555815625855991,0.38764863050993403,0.4770118811102544,,Dongen,17.0,27485.0,83.44406039657996,50.42987083863926,33.014189557940696,0.0588235294117647,0.1176470588235294,0.2290340185555757,0.3568013605299486,Mixed gemeente,Dongen
766,Family w/ Kids,33,37.92624555765057,0.4514452122739661,0.20545906317924384,0.4165918231450643,0.46828878287771425,,Dongen,17.0,27485.0,83.44406039657996,50.42987083863926,33.014189557940696,0.0588235294117647,0.1176470588235294,0.2290340185555757,0.3568013605299486,Mixed gemeente,Dongen
766,Mid-life No Kids (30-54),7,8.72156081231735,0.0,0.8284909466640424,0.7268244818554797,0.2731755181445203,,Dongen,17.0,27485.0,83.44406039657996,50.42987083863926,33.014189557940696,0.0588235294117647,0.1176470588235294,0.2290340185555757,0.3568013605299486,Mixed gemeente,Dongen
766,Older Adult (55-69),41,33.09625060321651,0.2025394920866219,0.29372667209742864,0.3037845528485693,0.6682303171659703,,Dongen,17.0,27485.0,83.44406039657996,50.42987083863926,33.014189557940696,0.0588235294117647,0.1176470588235294,0.2290340185555757,0.3568013605299486,Mixed gemeente,Dongen
766,Senior (70+),29,24.224941253266223,0.3543002827804391,0.2064559513512721,0.45377216024701794,0.442196251191878,,Dongen,17.0,27485.0,83.44406039657996,50.42987083863926,33.014189557940696,0.0588235294117647,0.1176470588235294,0.2290340185555757,0.3568013605299486,Mixed gemeente,Dongen
766,Young Adult (18-29),4,5.424617256337181,0.0,0.75,0.5,0.25,,Dongen,17.0,27485.0,83.44406039657996,50.42987083863926,33.014189557940696,0.0588235294117647,0.1176470588235294,0.2290340185555757,0.3568013605299486,Mixed gemeente,Dongen
770,Child/Teen (<18),14,16.785832330829482,0.0,0.3541411018815682,0.5210122868290228,0.3969041045245737,1.2614338235294118,Eersel,24.0,20400.0,45.20294117647059,32.84411764705882,12.358823529411763,0.0,0.0416666666666666,0.2465686274509804,0.3402111966247895,Mixed gemeente,Eersel
770,Family w/ Kids,33,36.100650138273835,0.27209658670340375,0.2113282728079886,0.5362248101208231,0.3216019230383286,1.2614338235294118,Eersel,24.0,20400.0,45.20294117647059,32.84411764705882,12.358823529411763,0.0,0.0416666666666666,0.2465686274509804,0.3402111966247895,Mixed gemeente,Eersel
770,Mid-life No Kids (30-54),22,24.46053153500024,0.0356324355837183,0.7149405153302535,0.28221809347441545,0.6131409788191189,1.2614338235294118,Eersel,24.0,20400.0,45.20294117647059,32.84411764705882,12.358823529411763,0.0,0.0416666666666666,0.2465686274509804,0.3402111966247895,Mixed gemeente,Eersel
770,Older Adult (55-69),37,33.585371942658,0.29308260910909417,0.5146727433603528,0.5644388596174169,0.3271834166020231,1.2614338235294118,Eersel,24.0,20400.0,45.20294117647059,32.84411764705882,12.358823529411763,0.0,0.0416666666666666,0.2465686274509804,0.3402111966247895,Mixed gemeente,Eersel
770,Senior (70+),19,8.116870922093794,0.4373784615633409,0.22447223082203782,0.3362145265336323,0.45502879069420493,1.2614338235294118,Eersel,24.0,20400.0,45.20294117647059,32.84411764705882,12.358823529411763,0.0,0.0416666666666666,0.2465686274509804,0.3402111966247895,Mixed gemeente,Eersel
770,Young Adult (18-29),18,21.58218407859539,0.24870251558835807,0.30387270371164865,0.420230088637696,0.5797699113623043,1.2614338235294118,Eersel,24.0,20400.0,45.20294117647059,32.84411764705882,12.358823529411763,0.0,0.0416666666666666,0.2465686274509804,0.3402111966247895,Mixed gemeente,Eersel
772,Child/Teen (<18),150,160.5913560231748,0.4704851378767809,0.19218290195525362,0.5003849481940351,0.43380338983173805,,Eindhoven,116.0,248990.0,279.5044178481064,160.4257801518133,119.07863769629304,0.603448275862069,0.0258620689655172,0.1638419213623037,0.2753768318346908,High-density urban gemeente,Eindhoven
772,Family w/ Kids,356,357.32974421533766,0.2778159571476983,0.39410856462970234,0.4277006398212608,0.33359547808046713,,Eindhoven,116.0,248990.0,279.5044178481064,160.4257801518133,119.07863769629304,0.603448275862069,0.0258620689655172,0.1638419213623037,0.2753768318346908,High-density urban gemeente,Eindhoven
772,Mid-life No Kids (30-54),298,283.86510480045376,0.2756663285490219,0.3269033670211362,0.5717110288191568,0.30951195005772714,,Eindhoven,116.0,248990.0,279.5044178481064,160.4257801518133,119.07863769629304,0.603448275862069,0.0258620689655172,0.1638419213623037,0.2753768318346908,High-density urban gemeente,Eindhoven
772,Older Adult (55-69),242,247.68723103268738,0.3298955066061649,0.3286627289237645,0.5460582790211116,0.35322403828478594,,Eindhoven,116.0,248990.0,279.5044178481064,160.4257801518133,119.07863769629304,0.603448275862069,0.0258620689655172,0.1638419213623037,0.2753768318346908,High-density urban gemeente,Eindhoven
772,Senior (70+),262,192.15554217257164,0.32870035694840083,0.2968334295120403,0.5228650142748017,0.4093920195325479,,Eindhoven,116.0,248990.0,279.5044178481064,160.4257801518133,119.07863769629304,0.603448275862069,0.0258620689655172,0.1638419213623037,0.2753768318346908,High-density urban gemeente,Eindhoven
772,Young Adult (18-29),305,304.14691281273304,0.47681474192341483,0.18263282176637222,0.578112358090641,0.37451956049508156,,Eindhoven,116.0,248990.0,279.5044178481064,160.4257801518133,119.07863769629304,0.603448275862069,0.0258620689655172,0.1638419213623037,0.2753768318346908,High-density urban gemeente,Eindhoven
777,Child/Teen (<18),31,36.678241235047004,0.7146658596840166,0.0643355667853141,0.626761599625608,0.3732384003743919,,Etten-Leur,47.0,45455.0,171.94819051809483,118.77857221427786,53.16961830381696,0.4468085106382978,0.0851063829787234,0.2235177648223517,0.3623462655149265,Mixed gemeente,Etten-Leur
777,Family w/ Kids,33,34.893800613854,0.2679774179996702,0.5188236060946824,0.5380511296648973,0.2635004496690297,,Etten-Leur,47.0,45455.0,171.94819051809483,118.77857221427786,53.16961830381696,0.4468085106382978,0.0851063829787234,0.2235177648223517,0.3623462655149265,Mixed gemeente,Etten-Leur
777,Mid-life No Kids (30-54),24,29.444229877130923,0.048383272401952046,0.6133287256428626,0.7499019043999521,0.250098095600048,,Etten-Leur,47.0,45455.0,171.94819051809483,118.77857221427786,53.16961830381696,0.4468085106382978,0.0851063829787234,0.2235177648223517,0.3623462655149265,Mixed gemeente,Etten-Leur
777,Older Adult (55-69),59,59.86094223920301,0.2840998668548547,0.3578221325335986,0.3595798469699347,0.5718668085337519,,Etten-Leur,47.0,45455.0,171.94819051809483,118.77857221427786,53.16961830381696,0.4468085106382978,0.0851063829787234,0.2235177648223517,0.3623462655149265,Mixed gemeente,Etten-Leur
777,Senior (70+),41,35.22943698899967,0.3824108755327348,0.18768234894767483,0.5068068959935762,0.49319310400642374,,Etten-Leur,47.0,45455.0,171.94819051809483,118.77857221427786,53.16961830381696,0.4468085106382978,0.0851063829787234,0.2235177648223517,0.3623462655149265,Mixed gemeente,Etten-Leur
777,Young Adult (18-29),26,28.719361459845256,0.2391596130123436,0.5328094419976834,0.4834940609652968,0.47494835653230605,,Etten-Leur,47.0,45455.0,171.94819051809483,118.77857221427786,53.16961830381696,0.4468085106382978,0.0851063829787234,0.2235177648223517,0.3623462655149265,Mixed gemeente,Etten-Leur
779,Child/Teen (<18),8,8.905688960210352,0.6894278883576116,0.2083898587790504,0.6934532414099857,0.3065467585900145,0.8582440747493163,Geertruidenberg,11.0,21940.0,71.32862351868732,44.74726526891522,26.581358249772105,0.0,0.1818181818181818,0.2308568824065633,0.350410840554437,Mixed gemeente,Geertruidenberg
779,Family w/ Kids,32,34.91392188892668,0.3272876698341143,0.44450931348750305,0.5274738781292944,0.213781210216827,0.8582440747493163,Geertruidenberg,11.0,21940.0,71.32862351868732,44.74726526891522,26.581358249772105,0.0,0.1818181818181818,0.2308568824065633,0.350410840554437,Mixed gemeente,Geertruidenberg
779,Mid-life No Kids (30-54),21,19.06020117088469,0.243868329719507,0.5975378066268107,0.46450368194633984,0.20570667045367952,0.8582440747493164,Geertruidenberg,11.0,21940.0,71.32862351868732,44.74726526891522,26.581358249772105,0.0,0.1818181818181818,0.2308568824065633,0.350410840554437,Mixed gemeente,Geertruidenberg
779,Older Adult (55-69),19,18.751708950351507,0.32591694810378724,0.22710721368008857,0.32374202668173546,0.6762579733182648,0.8582440747493163,Geertruidenberg,11.0,21940.0,71.32862351868732,44.74726526891522,26.581358249772105,0.0,0.1818181818181818,0.2308568824065633,0.350410840554437,Mixed gemeente,Geertruidenberg
779,Senior (70+),27,19.624226799169325,0.1288696461645077,0.11420463094915523,0.42090057492141464,0.5790994250785851,0.8582440747493162,Geertruidenberg,11.0,21940.0,71.32862351868732,44.74726526891522,26.581358249772105,0.0,0.1818181818181818,0.2308568824065633,0.350410840554437,Mixed gemeente,Geertruidenberg
779,Young Adult (18-29),11,10.570327242400973,0.0,0.6063862593929932,0.7616371620962233,0.19445457206987413,0.8582440747493163,Geertruidenberg,11.0,21940.0,71.32862351868732,44.74726526891522,26.581358249772105,0.0,0.1818181818181818,0.2308568824065633,0.350410840554437,Mixed gemeente,Geertruidenberg
784,Child/Teen (<18),13,13.960432445098785,0.40939163291315833,0.5141480992814228,0.36965707381318885,0.5538826583813923,,Gilze en Rijen,26.0,28525.0,63.363540753724806,42.03575810692375,21.32778264680105,0.0769230769230769,0.1538461538461538,0.218054338299737,0.3334928330700583,Mixed gemeente,Gilze en Rijen
784,Family w/ Kids,38,46.220410408856964,0.06865986740968995,0.4733259390569354,0.44140922064653537,0.29400375478039303,,Gilze en Rijen,26.0,28525.0,63.363540753724806,42.03575810692375,21.32778264680105,0.0769230769230769,0.1538461538461538,0.218054338299737,0.3334928330700583,Mixed gemeente,Gilze en Rijen
784,Mid-life No Kids (30-54),4,4.868007570110608,0.0,0.7799717912552891,0.0,0.7640196105023327,,Gilze en Rijen,26.0,28525.0,63.363540753724806,42.03575810692375,21.32778264680105,0.0769230769230769,0.1538461538461538,0.218054338299737,0.3334928330700583,Mixed gemeente,Gilze en Rijen
784,Older Adult (55-69),33,28.32242798075304,0.2797402806283894,0.16184995856657844,0.4033904893106434,0.5966095106893565,,Gilze en Rijen,26.0,28525.0,63.363540753724806,42.03575810692375,21.32778264680105,0.0769230769230769,0.1538461538461538,0.218054338299737,0.3334928330700583,Mixed gemeente,Gilze en Rijen
784,Senior (70+),18,17.061793484717168,0.4982800383847452,0.10759723877478372,0.30255556501416214,0.5799230757324833,,Gilze en Rijen,26.0,28525.0,63.363540753724806,42.03575810692375,21.32778264680105,0.0769230769230769,0.1538461538461538,0.218054338299737,0.3334928330700583,Mixed gemeente,Gilze en Rijen
784,Young Adult (18-29),25,26.764493577742076,0.11277841483189428,0.34913189856892535,0.3236298291793945,0.5821963741668407,,Gilze en Rijen,26.0,28525.0,63.363540753724806,42.03575810692375,21.32778264680105,0.0769230769230769,0.1538461538461538,0.218054338299737,0.3334928330700583,Mixed gemeente,Gilze en Rijen
785,Child/Teen (<18),14,15.673892084538199,0.4351039616028373,0.18115449477098755,0.3986243403515072,0.37621458774173955,,Goirle,31.0,24470.0,154.69942787086228,112.6853289742542,42.01409889660809,0.064516129032258,0.1612903225806451,0.2507151614221495,0.36759803433954,Mixed gemeente,Goirle
785,Family w/ Kids,29,26.806448915851085,0.5260927909919954,0.21521030467833893,0.5815228283252433,0.25501653012904235,,Goirle,31.0,24470.0,154.69942787086228,112.6853289742542,42.01409889660809,0.064516129032258,0.1612903225806451,0.2507151614221495,0.36759803433954,Mixed gemeente,Goirle
785,Mid-life No Kids (30-54),21,22.296620221344806,0.25473175955718036,0.3369873001768582,0.35554210587277746,0.4865346884515831,,Goirle,31.0,24470.0,154.69942787086228,112.6853289742542,42.01409889660809,0.064516129032258,0.1612903225806451,0.2507151614221495,0.36759803433954,Mixed gemeente,Goirle
785,Older Adult (55-69),68,58.69468494728541,0.24411235277292023,0.4113652466672724,0.49826207466957395,0.36510093312523345,,Goirle,31.0,24470.0,154.69942787086228,112.6853289742542,42.01409889660809,0.064516129032258,0.1612903225806451,0.2507151614221495,0.36759803433954,Mixed gemeente,Goirle
785,Senior (70+),29,25.229020946736494,0.369922902067069,0.2624121445880729,0.5385023261446734,0.33365271013593184,,Goirle,31.0,24470.0,154.69942787086228,112.6853289742542,42.01409889660809,0.064516129032258,0.1612903225806451,0.2507151614221495,0.36759803433954,Mixed gemeente,Goirle
785,Young Adult (18-29),13,11.965408253940058,0.0,0.7624954652858146,0.4750090694283709,0.46230773156699034,,Goirle,31.0,24470.0,154.69942787086228,112.6853289742542,42.01409889660809,0.064516129032258,0.1612903225806451,0.2507151614221495,0.36759803433954,Mixed gemeente,Goirle
794,Child/Teen (<18),76,86.55564806118664,0.5247364150793091,0.2225303165121477,0.5645478123800759,0.3893554517313421,,Helmond,44.0,96530.0,174.0263130632964,106.05702890293172,67.96928416036465,0.2954545454545454,0.0909090909090909,0.1850719983424842,0.3669420942305678,Mixed gemeente,Helmond
794,Family w/ Kids,85,97.89442176895388,0.2824511458418423,0.448789171861819,0.5355823363049664,0.24375820916685273,,Helmond,44.0,96530.0,174.0263130632964,106.05702890293172,67.96928416036465,0.2954545454545454,0.0909090909090909,0.1850719983424842,0.3669420942305678,Mixed gemeente,Helmond
794,Mid-life No Kids (30-54),48,41.70620026146299,0.10918747422718435,0.42606437821538323,0.3367744799664148,0.5161681617272341,,Helmond,44.0,96530.0,174.0263130632964,106.05702890293172,67.96928416036465,0.2954545454545454,0.0909090909090909,0.1850719983424842,0.3669420942305678,Mixed gemeente,Helmond
794,Older Adult (55-69),85,88.54366643597837,0.3564138783323088,0.4263958824321394,0.5540334760478515,0.35508072014693054,,Helmond,44.0,96530.0,174.0263130632964,106.05702890293172,67.96928416036465,0.2954545454545454,0.0909090909090909,0.1850719983424842,0.3669420942305678,Mixed gemeente,Helmond
794,Senior (70+),67,52.380043535369985,0.16216318877548067,0.44940886366726,0.6416483511256508,0.27053064941268223,,Helmond,44.0,96530.0,174.0263130632964,106.05702890293172,67.96928416036465,0.2954545454545454,0.0909090909090909,0.1850719983424842,0.3669420942305678,Mixed gemeente,Helmond
794,Young Adult (18-29),57,58.86961502743468,0.24645331824273728,0.2793584611580547,0.3004713265952212,0.6192712998768574,,Helmond,44.0,96530.0,174.0263130632964,106.05702890293172,67.96928416036465,0.2954545454545454,0.0909090909090909,0.1850719983424842,0.3669420942305678,Mixed gemeente,Helmond
796,Child/Teen (<18),125,128.26599091183817,0.5864356205031865,0.2165792853272489,0.5924187234396201,0.3323480211375971,,'s-Hertogenbosch,110.0,161535.0,189.8174698981645,116.81326028414895,73.00420961401554,0.3181818181818182,0.1,0.1975113752437552,0.3194618809205762,Mixed gemeente,'s-Hertogenbosch
796,Family w/ Kids,216,218.72311472611034,0.2356212969607858,0.4286152282000126,0.37491791496418975,0.29314032732323375,,'s-Hertogenbosch,110.0,161535.0,189.8174698981645,116.81326028414895,73.00420961401554,0.3181818181818182,0.1,0.1975113752437552,0.3194618809205762,Mixed gemeente,'s-Hertogenbosch
796,Mid-life No Kids (30-54),152,146.44958048482079,0.15747506909067632,0.24220888656777173,0.5270231830465083,0.35874532098172435,,'s-Hertogenbosch,110.0,161535.0,189.8174698981645,116.81326028414895,73.00420961401554,0.3181818181818182,0.1,0.1975113752437552,0.3194618809205762,Mixed gemeente,'s-Hertogenbosch
796,Older Adult (55-69),190,189.78476963179523,0.27136987533943163,0.30737121542380424,0.4571588675653892,0.3527594660060685,,'s-Hertogenbosch,110.0,161535.0,189.8174698981645,116.81326028414895,73.00420961401554,0.3181818181818182,0.1,0.1975113752437552,0.3194618809205762,Mixed gemeente,'s-Hertogenbosch
796,Senior (70+),108,83.90807133753763,0.15882583924206115,0.3603617966448992,0.3661725592499911,0.5380789923806041,,'s-Hertogenbosch,110.0,161535.0,189.8174698981645,116.81326028414895,73.00420961401554,0.3181818181818182,0.1,0.1975113752437552,0.3194618809205762,Mixed gemeente,'s-Hertogenbosch
796,Young Adult (18-29),108,95.7180237250418,0.4288495088863889,0.21983461608103233,0.5488708834152387,0.36594622518723335,,'s-Hertogenbosch,110.0,161535.0,189.8174698981645,116.81326028414895,73.00420961401554,0.3181818181818182,0.1,0.1975113752437552,0.3194618809205762,Mixed gemeente,'s-Hertogenbosch
797,Child/Teen (<18),17,18.151286599747895,0.49765196128937816,0.2927971737385524,0.2895400538721332,0.7104599461278668,0.8949153456270894,Heusden,17.0,46365.0,63.67766634314677,38.805456702253856,24.872209640892915,0.0588235294117647,0.2941176470588235,0.2240914482907365,0.3597410724021832,Mixed gemeente,Heusden
797,Family w/ Kids,21,21.960937461335504,0.3921501576950407,0.4167094739903702,0.36669235732384764,0.3387961365560515,0.8949153456270894,Heusden,17.0,46365.0,63.67766634314677,38.805456702253856,24.872209640892915,0.0588235294117647,0.2941176470588235,0.2240914482907365,0.3597410724021832,Mixed gemeente,Heusden
797,Mid-life No Kids (30-54),21,24.330803384907107,0.19636803455254698,0.6756808366524539,0.7023197270582137,0.25502989667678644,0.8949153456270894,Heusden,17.0,46365.0,63.67766634314677,38.805456702253856,24.872209640892915,0.0588235294117647,0.2941176470588235,0.2240914482907365,0.3597410724021832,Mixed gemeente,Heusden
797,Older Adult (55-69),51,51.51804031427287,0.17885108474881278,0.4322339691832422,0.379715457012208,0.5059528473044713,0.8949153456270894,Heusden,17.0,46365.0,63.67766634314677,38.805456702253856,24.872209640892915,0.0588235294117647,0.2941176470588235,0.2240914482907365,0.3597410724021832,Mixed gemeente,Heusden
797,Senior (70+),49,36.6792911625862,0.4712506700935019,0.26775811186025006,0.3455114068734324,0.5786817930157064,0.8949153456270895,Heusden,17.0,46365.0,63.67766634314677,38.805456702253856,24.872209640892915,0.0588235294117647,0.2941176470588235,0.2240914482907365,0.3597410724021832,Mixed gemeente,Heusden
797,Young Adult (18-29),16,18.82942205400463,0.539075761181549,0.250889803710682,0.32253384891766296,0.6365428501680558,0.8949153456270894,Heusden,17.0,46365.0,63.67766634314677,38.805456702253856,24.872209640892915,0.0588235294117647,0.2941176470588235,0.2240914482907365,0.3597410724021832,Mixed gemeente,Heusden
798,Child/Teen (<18),2,1.7411135218161353,1.0,0.0,0.0,1.0,1.0617688022284122,Hilvarenbeek,11.0,16155.0,25.9124110182606,13.556174558960077,12.356236459300526,0.0,0.6363636363636364,0.2494583720210461,0.3448245432873753,VINEX-like gemeente,Hilvarenbeek
798,Family w/ Kids,18,20.28488036648765,0.6804575944589527,0.2284596481120179,0.7536677756759914,0.20079084560949398,1.0617688022284122,Hilvarenbeek,11.0,16155.0,25.9124110182606,13.556174558960077,12.356236459300526,0.0,0.6363636363636364,0.2494583720210461,0.3448245432873753,VINEX-like gemeente,Hilvarenbeek
798,Mid-life No Kids (30-54),6,6.177510915207851,0.7858380456577818,0.0,0.5474952876755516,0.4525047123244484,1.0617688022284122,Hilvarenbeek,11.0,16155.0,25.9124110182606,13.556174558960077,12.356236459300526,0.0,0.6363636363636364,0.2494583720210461,0.3448245432873753,VINEX-like gemeente,Hilvarenbeek
798,Older Adult (55-69),16,14.91097997947077,0.30762981083205115,0.3836334857155508,0.3569108840751359,0.5638311767375447,1.0617688022284122,Hilvarenbeek,11.0,16155.0,25.9124110182606,13.556174558960077,12.356236459300526,0.0,0.6363636363636364,0.2494583720210461,0.3448245432873753,VINEX-like gemeente,Hilvarenbeek
798,Senior (70+),16,11.32831264863853,0.23037753373763867,0.677471452767306,0.7724693583929775,0.08930412136443935,1.0617688022284122,Hilvarenbeek,11.0,16155.0,25.9124110182606,13.556174558960077,12.356236459300526,0.0,0.6363636363636364,0.2494583720210461,0.3448245432873753,VINEX-like gemeente,Hilvarenbeek
798,Young Adult (18-29),9,10.217511237252644,0.20459050077456015,0.46873248355170166,0.20459050077456015,0.5882958222210735,1.0617688022284122,Hilvarenbeek,11.0,16155.0,25.9124110182606,13.556174558960077,12.356236459300526,0.0,0.6363636363636364,0.2494583720210461,0.3448245432873753,VINEX-like gemeente,Hilvarenbeek
809,Child/Teen (<18),25,29.071302707747414,0.3398121585416881,0.2238229251058404,0.7048522776756168,0.29514772232438335,,Loon op Zand,32.0,24130.0,113.77476170741816,71.39888106092002,42.37588064649813,0.0625,0.15625,0.2434728553667633,0.3519712389592357,Mixed gemeente,Loon op Zand
809,Family w/ Kids,19,18.99010505721477,0.0,0.6069311310759733,0.2687881819295884,0.5805978217885462,,Loon op Zand,32.0,24130.0,113.77476170741816,71.39888106092002,42.37588064649813,0.0625,0.15625,0.2434728553667633,0.3519712389592357,Mixed gemeente,Loon op Zand
809,Mid-life No Kids (30-54),14,17.74165316595907,0.0,0.08446971934595143,0.491231334345177,0.508768665654823,,Loon op Zand,32.0,24130.0,113.77476170741816,71.39888106092002,42.37588064649813,0.0625,0.15625,0.2434728553667633,0.3519712389592357,Mixed gemeente,Loon op Zand
809,Older Adult (55-69),12,14.426339707809223,0.0,0.32998175768090876,0.37645076204156097,0.48152343099752715,,Loon op Zand,32.0,24130.0,113.77476170741816,71.39888106092002,42.37588064649813,0.0625,0.15625,0.2434728553667633,0.3519712389592357,Mixed gemeente,Loon op Zand
809,Senior (70+),22,14.736490666139398,0.23805577146645934,0.49652968333150393,0.3596630147235058,0.5567895454820363,,Loon op Zand,32.0,24130.0,113.77476170741816,71.39888106092002,42.37588064649813,0.0625,0.15625,0.2434728553667633,0.3519712389592357,Mixed gemeente,Loon op Zand
809,Young Adult (18-29),18,17.327001726418377,0.10174102518306843,0.10434863368458656,0.18001023992379597,0.8199897600762044,,Loon op Zand,32.0,24130.0,113.77476170741816,71.39888106092002,42.37588064649813,0.0625,0.15625,0.2434728553667633,0.3519712389592357,Mixed gemeente,Loon op Zand
820,Child/Teen (<18),37,41.92519199371527,0.4679930327593766,0.3800061295025715,0.7782047171187323,0.22179528288126776,0.9660148209139565,"Nuenen, Gerwen en Nederwetten",10.0,24290.0,63.65561959654179,42.53581720872787,21.11980238781392,0.0,0.4,0.2731576780568135,0.3498366228289796,Mixed gemeente,"Nuenen, Gerwen en Nederwetten"
820,Family w/ Kids,41,49.8511694020943,0.09921839715830884,0.41344622364790706,0.28177104031372596,0.5974379505753845,0.9660148209139563,"Nuenen, Gerwen en Nederwetten",10.0,24290.0,63.65561959654179,42.53581720872787,21.11980238781392,0.0,0.4,0.2731576780568135,0.3498366228289796,Mixed gemeente,"Nuenen, Gerwen en Nederwetten"
820,Mid-life No Kids (30-54),26,24.895904818363054,0.22543239553990688,0.27601549722586655,0.3333773093193511,0.6310512006438614,0.9660148209139565,"Nuenen, Gerwen en Nederwetten",10.0,24290.0,63.65561959654179,42.53581720872787,21.11980238781392,0.0,0.4,0.2731576780568135,0.3498366228289796,Mixed gemeente,"Nuenen, Gerwen en Nederwetten"
820,Older Adult (55-69),43,41.053958511185996,0.18967695829396355,0.4587500856353403,0.5667336203496678,0.38114099663939105,0.9660148209139564,"Nuenen, Gerwen en Nederwetten",10.0,24290.0,63.65561959654179,42.53581720872787,21.11980238781392,0.0,0.4,0.2731576780568135,0.3498366228289796,Mixed gemeente,"Nuenen, Gerwen en Nederwetten"
820,Senior (70+),65,45.116296791722334,0.47460978981825425,0.26707370848213685,0.4825745495559126,0.35421914581690594,0.9660148209139564,"Nuenen, Gerwen en Nederwetten",10.0,24290.0,63.65561959654179,42.53581720872787,21.11980238781392,0.0,0.4,0.2731576780568135,0.3498366228289796,Mixed gemeente,"Nuenen, Gerwen en Nederwetten"
820,Young Adult (18-29),15,15.827318214220316,0.19697964875991547,0.4865241476717626,0.35642707418582265,0.4255217776502737,0.9660148209139564,"Nuenen, Gerwen en Nederwetten",10.0,24290.0,63.65561959654179,42.53581720872787,21.11980238781392,0.0,0.4,0.2731576780568135,0.3498366228289796,Mixed gemeente,"Nuenen, Gerwen en Nederwetten"
823,Child/Teen (<18),18,24.562094152251905,0.30754535423949075,0.34666510770917913,0.5429869087888916,0.45701309121110834,1.3067762989506015,Oirschot,15.0,19535.0,48.77757870488866,30.738674174558486,18.03890453033017,0.0,0.3333333333333333,0.2503199385717942,0.3567013369620661,Mixed gemeente,Oirschot
823,Family w/ Kids,10,8.582424895614407,0.0,0.46993138382365957,0.18805793913006688,0.5091337592356835,1.3067762989506015,Oirschot,15.0,19535.0,48.77757870488866,30.738674174558486,18.03890453033017,0.0,0.3333333333333333,0.2503199385717942,0.3567013369620661,Mixed gemeente,Oirschot
823,Mid-life No Kids (30-54),4,3.4605231610149083,0.3462013573905287,0.3268993213047356,0.3268993213047356,0.6731006786952644,1.3067762989506015,Oirschot,15.0,19535.0,48.77757870488866,30.738674174558486,18.03890453033017,0.0,0.3333333333333333,0.2503199385717942,0.3567013369620661,Mixed gemeente,Oirschot
823,Older Adult (55-69),33,33.878201057028534,0.3431316212616994,0.5105931661502942,0.4547640443033672,0.219225375562604,1.3067762989506015,Oirschot,15.0,19535.0,48.77757870488866,30.738674174558486,18.03890453033017,0.0,0.3333333333333333,0.2503199385717942,0.3567013369620661,Mixed gemeente,Oirschot
823,Senior (70+),8,7.931324921947225,0.6470569873789135,0.35294301262108646,0.4937019425860221,0.5062980574139779,1.3067762989506015,Oirschot,15.0,19535.0,48.77757870488866,30.738674174558486,18.03890453033017,0.0,0.3333333333333333,0.2503199385717942,0.3567013369620661,Mixed gemeente,Oirschot
823,Young Adult (18-29),36,35.134203918852634,0.31925554306239023,0.5829885055311419,0.5932197736714491,0.15464743006300266,1.3067762989506015,Oirschot,15.0,19535.0,48.77757870488866,30.738674174558486,18.03890453033017,0.0,0.3333333333333333,0.2503199385717942,0.3567013369620661,Mixed gemeente,Oirschot
824,Child/Teen (<18),25,27.886468775083824,0.6697791537838721,0.16069944696707844,0.5408101482488079,0.4591898517511921,,Oisterwijk,35.0,33105.0,64.151789759855,40.7106177314605,23.4411720283945,0.0285714285714285,0.1428571428571428,0.260081558676937,0.3311211025680743,Mixed gemeente,Oisterwijk
824,Family w/ Kids,32,27.481811024459343,0.33733715818721627,0.12948069290593303,0.29078458651549827,0.3420324435933647,,Oisterwijk,35.0,33105.0,64.151789759855,40.7106177314605,23.4411720283945,0.0285714285714285,0.1428571428571428,0.260081558676937,0.3311211025680743,Mixed gemeente,Oisterwijk
824,Mid-life No Kids (30-54),22,20.882850919239164,0.3396224110687857,0.5185251713010971,0.4282669830480853,0.3402756390038496,,Oisterwijk,35.0,33105.0,64.151789759855,40.7106177314605,23.4411720283945,0.0285714285714285,0.1428571428571428,0.260081558676937,0.3311211025680743,Mixed gemeente,Oisterwijk
824,Older Adult (55-69),37,34.81096461153724,0.6457452936867483,0.1373740893778729,0.2910143257781033,0.5932690415739154,,Oisterwijk,35.0,33105.0,64.151789759855,40.7106177314605,23.4411720283945,0.0285714285714285,0.1428571428571428,0.260081558676937,0.3311211025680743,Mixed gemeente,Oisterwijk
824,Senior (70+),34,22.303982593092595,0.2850493466206981,0.3395988778703512,0.41581733647387553,0.5841826635261245,,Oisterwijk,35.0,33105.0,64.151789759855,40.7106177314605,23.4411720283945,0.0285714285714285,0.1428571428571428,0.260081558676937,0.3311211025680743,Mixed gemeente,Oisterwijk
824,Young Adult (18-29),16,18.2074613995473,0.2453365701014723,0.3744101026326238,0.2060226187001318,0.7153494784971872,,Oisterwijk,35.0,33105.0,64.151789759855,40.7106177314605,23.4411720283945,0.0285714285714285,0.1428571428571428,0.260081558676937,0.3311211025680743,Mixed gemeente,Oisterwijk
826,Child/Teen (<18),55,68.88255303938527,0.40835036052112467,0.20159423597495846,0.4601060627570925,0.4352828489944524,,Oosterhout,44.0,58370.0,126.32302552681172,92.5228713380161,33.80015418879562,0.2727272727272727,0.0909090909090909,0.2383930101079321,0.3433600939113182,Mixed gemeente,Oosterhout
826,Family w/ Kids,58,57.8847005715565,0.22227492435414464,0.40815957312128537,0.35615611274397424,0.360964600134811,,Oosterhout,44.0,58370.0,126.32302552681172,92.5228713380161,33.80015418879562,0.2727272727272727,0.0909090909090909,0.2383930101079321,0.3433600939113182,Mixed gemeente,Oosterhout
826,Mid-life No Kids (30-54),35,35.6864034636819,0.0,0.6470368762476028,0.6368651802450994,0.2777893277013405,,Oosterhout,44.0,58370.0,126.32302552681172,92.5228713380161,33.80015418879562,0.2727272727272727,0.0909090909090909,0.2383930101079321,0.3433600939113182,Mixed gemeente,Oosterhout
826,Older Adult (55-69),68,58.184684540006586,0.3028189739476627,0.40873739383018365,0.4695740726163605,0.4310877845407812,,Oosterhout,44.0,58370.0,126.32302552681172,92.5228713380161,33.80015418879562,0.2727272727272727,0.0909090909090909,0.2383930101079321,0.3433600939113182,Mixed gemeente,Oosterhout
826,Senior (70+),52,42.09960611170143,0.33652055030004835,0.34786416709583073,0.6711187805404261,0.3255546040184268,,Oosterhout,44.0,58370.0,126.32302552681172,92.5228713380161,33.80015418879562,0.2727272727272727,0.0909090909090909,0.2383930101079321,0.3433600939113182,Mixed gemeente,Oosterhout
826,Young Adult (18-29),24,24.902902876332455,0.22861130828466958,0.20303773206002293,0.40213364987145606,0.5978663501285438,,Oosterhout,44.0,58370.0,126.32302552681172,92.5228713380161,33.80015418879562,0.2727272727272727,0.0909090909090909,0.2383930101079321,0.3433600939113182,Mixed gemeente,Oosterhout
828,Child/Teen (<18),75,92.07647734405822,0.6692173867217424,0.22212747780574207,0.5748616872431045,0.39579034843190275,,Oss,106.0,95270.0,161.09751233336831,103.94599559147686,57.15151674189146,0.1886792452830188,0.1981132075471698,0.2127112417340191,0.3463106724276431,Mixed gemeente,Oss
828,Family w/ Kids,137,149.63474927059067,0.29002552397180537,0.5157125439977148,0.39101386450676356,0.3387652227524773,,Oss,106.0,95270.0,161.09751233336831,103.94599559147686,57.15151674189146,0.1886792452830188,0.1981132075471698,0.2127112417340191,0.3463106724276431,Mixed gemeente,Oss
828,Mid-life No Kids (30-54),43,39.924876773014425,0.32141670973407177,0.25837937309075654,0.6276968919897417,0.3154210263137169,,Oss,106.0,95270.0,161.09751233336831,103.94599559147686,57.15151674189146,0.1886792452830188,0.1981132075471698,0.2127112417340191,0.3463106724276431,Mixed gemeente,Oss
828,Older Adult (55-69),116,120.16161532399195,0.24561538999515456,0.3572096703690457,0.4798119091207427,0.4332494345108634,,Oss,106.0,95270.0,161.09751233336831,103.94599559147686,57.15151674189146,0.1886792452830188,0.1981132075471698,0.2127112417340191,0.3463106724276431,Mixed gemeente,Oss
828,Senior (70+),88,79.86669162626231,0.1579258553196023,0.30853436974984483,0.3727289689888517,0.5150906201791923,,Oss,106.0,95270.0,161.09751233336831,103.94599559147686,57.15151674189146,0.1886792452830188,0.1981132075471698,0.2127112417340191,0.3463106724276431,Mixed gemeente,Oss
828,Young Adult (18-29),45,53.11985668912049,0.3251245919638246,0.451616520643256,0.48902317166662196,0.4569830982452858,,Oss,106.0,95270.0,161.09751233336831,103.94599559147686,57.15151674189146,0.1886792452830188,0.1981132075471698,0.2127112417340191,0.3463106724276431,Mixed gemeente,Oss
840,Child/Teen (<18),3,2.891336776267856,0.6069208418721208,0.0,0.6069208418721208,0.39307915812787914,1.054186627785878,Rucphen,11.0,24005.0,39.38408664861487,20.60008331597584,18.784003332639035,0.0,0.5454545454545454,0.2387002707769214,0.3606664326963481,VINEX-like gemeente,Rucphen
840,Family w/ Kids,2,3.1052561850919163,0.0,1.0,1.0,0.0,1.054186627785878,Rucphen,11.0,24005.0,39.38408664861487,20.60008331597584,18.784003332639035,0.0,0.5454545454545454,0.2387002707769214,0.3606664326963481,VINEX-like gemeente,Rucphen
840,Mid-life No Kids (30-54),15,12.09011892850796,0.0,0.8762120846012187,0.6286580962405073,0.24755398836071155,1.054186627785878,Rucphen,11.0,24005.0,39.38408664861487,20.60008331597584,18.784003332639035,0.0,0.5454545454545454,0.2387002707769214,0.3606664326963481,VINEX-like gemeente,Rucphen
840,Older Adult (55-69),23,24.253948533646447,0.22580067832411488,0.44251121466835086,0.36857334175340806,0.631426658246592,1.054186627785878,Rucphen,11.0,24005.0,39.38408664861487,20.60008331597584,18.784003332639035,0.0,0.5454545454545454,0.2387002707769214,0.3606664326963481,VINEX-like gemeente,Rucphen
840,Senior (70+),6,5.293940077156215,0.2400993918949464,0.36844057920408546,0.5115097248484415,0.48849027515155863,1.054186627785878,Rucphen,11.0,24005.0,39.38408664861487,20.60008331597584,18.784003332639035,0.0,0.5454545454545454,0.2387002707769214,0.3606664326963481,VINEX-like gemeente,Rucphen
840,Young Adult (18-29),8,8.56591178948614,0.7009885480261313,0.2013570497511048,0.41990891986123136,0.3787340303876638,1.054186627785878,Rucphen,11.0,24005.0,39.38408664861487,20.60008331597584,18.784003332639035,0.0,0.5454545454545454,0.2387002707769214,0.3606664326963481,VINEX-like gemeente,Rucphen
845,Child/Teen (<18),14,15.11043288402554,0.38829805535575895,0.4049919471510282,0.639246565728888,0.2939560214502337,0.9611525086934923,Sint-Michielsgestel,23.0,30195.0,46.66848816029144,30.73952641165756,15.92896174863388,0.0,0.6521739130434783,0.2338135452889551,0.3789533164185726,VINEX-like gemeente,Sint-Michielsgestel
845,Family w/ Kids,80,80.13015695342386,0.35112241230333197,0.4245153137677151,0.5592050991308862,0.3249037836679921,0.9611525086934923,Sint-Michielsgestel,23.0,30195.0,46.66848816029144,30.73952641165756,15.92896174863388,0.0,0.6521739130434783,0.2338135452889551,0.3789533164185726,VINEX-like gemeente,Sint-Michielsgestel
845,Mid-life No Kids (30-54),3,3.256944043034785,1.0,0.0,0.2437130224367502,0.7562869775632498,0.9611525086934923,Sint-Michielsgestel,23.0,30195.0,46.66848816029144,30.73952641165756,15.92896174863388,0.0,0.6521739130434783,0.2338135452889551,0.3789533164185726,VINEX-like gemeente,Sint-Michielsgestel
845,Older Adult (55-69),78,82.48339423689126,0.27290226849358495,0.4261672806541081,0.45962065010799863,0.4257372676686765,0.9611525086934923,Sint-Michielsgestel,23.0,30195.0,46.66848816029144,30.73952641165756,15.92896174863388,0.0,0.6521739130434783,0.2338135452889551,0.3789533164185726,VINEX-like gemeente,Sint-Michielsgestel
845,Senior (70+),33,27.2704333631053,0.2349201930074882,0.36531675409702125,0.393858742606751,0.5535759191535269,0.9611525086934923,Sint-Michielsgestel,23.0,30195.0,46.66848816029144,30.73952641165756,15.92896174863388,0.0,0.6521739130434783,0.2338135452889551,0.3789533164185726,VINEX-like gemeente,Sint-Michielsgestel
845,Young Adult (18-29),8,10.585932581575662,0.9124337564294657,0.0,0.0,1.0,0.9611525086934923,Sint-Michielsgestel,23.0,30195.0,46.66848816029144,30.73952641165756,15.92896174863388,0.0,0.6521739130434783,0.2338135452889551,0.3789533164185726,VINEX-like gemeente,Sint-Michielsgestel
847,Child/Teen (<18),22,20.19205802388897,0.4941028290801705,0.34170451031687815,0.5480423801038108,0.45195761989618916,,Someren,34.0,20190.0,1.4623576027736502,1.1993561168895492,0.263001485884101,0.0,0.4411764705882353,0.2268449727587914,0.3661752127499549,Mixed gemeente,Someren
847,Family w/ Kids,29,34.37847541783059,0.3533040290495966,0.5169190034917192,0.5652530521508066,0.21311505203263473,,Someren,34.0,20190.0,1.4623576027736502,1.1993561168895492,0.263001485884101,0.0,0.4411764705882353,0.2268449727587914,0.3661752127499549,Mixed gemeente,Someren
847,Mid-life No Kids (30-54),3,4.449824091877817,0.0,0.8645101944682445,0.8645101944682445,0.1354898055317555,,Someren,34.0,20190.0,1.4623576027736502,1.1993561168895492,0.263001485884101,0.0,0.4411764705882353,0.2268449727587914,0.3661752127499549,Mixed gemeente,Someren
847,Older Adult (55-69),55,47.831750978133826,0.23734839545948533,0.32197278748423724,0.3646705887407064,0.6199386723758097,,Someren,34.0,20190.0,1.4623576027736502,1.1993561168895492,0.263001485884101,0.0,0.4411764705882353,0.2268449727587914,0.3661752127499549,Mixed gemeente,Someren
847,Senior (70+),14,12.204778147171705,0.08622505970524676,0.5110309331328282,0.7141322251462542,0.28586777485374576,,Someren,34.0,20190.0,1.4623576027736502,1.1993561168895492,0.263001485884101,0.0,0.4411764705882353,0.2268449727587914,0.3661752127499549,Mixed gemeente,Someren
847,Young Adult (18-29),8,8.17698316443911,0.26046315415528765,0.4894061510327413,0.749869305188029,0.25013069481197103,,Someren,34.0,20190.0,1.4623576027736502,1.1993561168895492,0.263001485884101,0.0,0.4411764705882353,0.2268449727587914,0.3661752127499549,Mixed gemeente,Someren
848,Child/Teen (<18),21,32.66121566935458,0.541841101973813,0.14957661774771708,0.6325189102653993,0.36748108973460053,0.9335607940446649,Son en Breugel,8.0,18135.0,56.526330300523846,36.55803694513372,19.96829335539013,0.0,0.625,0.2233250620347394,0.3893274758405746,VINEX-like gemeente,Son en Breugel
848,Family w/ Kids,8,6.230747320821769,0.2595586871870944,0.7404413128129056,0.41600884744774974,0.4137254642261132,0.933560794044665,Son en Breugel,8.0,18135.0,56.526330300523846,36.55803694513372,19.96829335539013,0.0,0.625,0.2233250620347394,0.3893274758405746,VINEX-like gemeente,Son en Breugel
848,Mid-life No Kids (30-54),8,8.38123072899414,0.0,0.6580787075328276,0.39484722451969656,0.34192129246717234,0.933560794044665,Son en Breugel,8.0,18135.0,56.526330300523846,36.55803694513372,19.96829335539013,0.0,0.625,0.2233250620347394,0.3893274758405746,VINEX-like gemeente,Son en Breugel
848,Older Adult (55-69),27,22.742581487520244,0.40537018912239525,0.3556366843961135,0.4668151722672702,0.5117487336607747,0.933560794044665,Son en Breugel,8.0,18135.0,56.526330300523846,36.55803694513372,19.96829335539013,0.0,0.625,0.2233250620347394,0.3893274758405746,VINEX-like gemeente,Son en Breugel
848,Senior (70+),25,22.60418937706766,0.13492772798032637,0.5924202729659713,0.5397211342720373,0.385552021542874,0.933560794044665,Son en Breugel,8.0,18135.0,56.526330300523846,36.55803694513372,19.96829335539013,0.0,0.625,0.2233250620347394,0.3893274758405746,VINEX-like gemeente,Son en Breugel
848,Young Adult (18-29),9,11.275810709014326,0.2740457696819952,0.0,0.8425572121024939,0.15744278789750596,0.9335607940446651,Son en Breugel,8.0,18135.0,56.526330300523846,36.55803694513372,19.96829335539013,0.0,0.625,0.2233250620347394,0.3893274758405746,VINEX-like gemeente,Son en Breugel
851,Child/Teen (<18),6,5.096451250191916,0.6147837492106157,0.38521625078938415,0.30739187460530787,0.692608125394692,,Steenbergen,18.0,24565.0,33.24893140647262,19.640952574801545,13.607978831671076,0.0,0.3333333333333333,0.2432322409932831,0.3203252380385912,Mixed gemeente,Steenbergen
851,Family w/ Kids,11,12.062687861656208,0.23743906126643108,0.28902507604086713,0.573347453742661,0.3310305572772786,,Steenbergen,18.0,24565.0,33.24893140647262,19.640952574801545,13.607978831671076,0.0,0.3333333333333333,0.2432322409932831,0.3203252380385912,Mixed gemeente,Steenbergen
851,Mid-life No Kids (30-54),4,2.356364953243841,0.0,0.715132242519332,0.0,1.0,,Steenbergen,18.0,24565.0,33.24893140647262,19.640952574801545,13.607978831671076,0.0,0.3333333333333333,0.2432322409932831,0.3203252380385912,Mixed gemeente,Steenbergen
851,Older Adult (55-69),26,25.435374214020705,0.5120371400789508,0.09687852937330821,0.4372031514170702,0.46591831920962146,,Steenbergen,18.0,24565.0,33.24893140647262,19.640952574801545,13.607978831671076,0.0,0.3333333333333333,0.2432322409932831,0.3203252380385912,Mixed gemeente,Steenbergen
851,Senior (70+),14,14.154529524627446,0.0,0.3108554357636095,0.6893661132605253,0.2554110434026199,,Steenbergen,18.0,24565.0,33.24893140647262,19.640952574801545,13.607978831671076,0.0,0.3333333333333333,0.2432322409932831,0.3203252380385912,Mixed gemeente,Steenbergen
851,Young Adult (18-29),15,14.859262020397383,0.0,0.9377416217879332,0.7211962947762209,0.17245429700104353,,Steenbergen,18.0,24565.0,33.24893140647262,19.640952574801545,13.607978831671076,0.0,0.3333333333333333,0.2432322409932831,0.3203252380385912,Mixed gemeente,Steenbergen
855,Child/Teen (<18),168,183.00142695184724,0.568698888117127,0.15007217254587316,0.5230957993760452,0.428298777571583,,Tilburg,254.0,230395.0,392.4887041819484,238.90548840035592,153.5832157815925,0.5236220472440944,0.0511811023622047,0.1762408038368888,0.3069249042275274,High-density urban gemeente,Tilburg
855,Family w/ Kids,228,248.76865505645404,0.22184719039071613,0.41827029285071193,0.4577910734768263,0.2661527372579748,,Tilburg,254.0,230395.0,392.4887041819484,238.90548840035592,153.5832157815925,0.5236220472440944,0.0511811023622047,0.1762408038368888,0.3069249042275274,High-density urban gemeente,Tilburg
855,Mid-life No Kids (30-54),192,185.07504178870602,0.338822609590542,0.34229472638287667,0.4891119287928929,0.45733240808999254,,Tilburg,254.0,230395.0,392.4887041819484,238.90548840035592,153.5832157815925,0.5236220472440944,0.0511811023622047,0.1762408038368888,0.3069249042275274,High-density urban gemeente,Tilburg
855,Older Adult (55-69),233,250.50354937309322,0.31561348951356427,0.35992230138327863,0.5543714687662069,0.3933228594588134,,Tilburg,254.0,230395.0,392.4887041819484,238.90548840035592,153.5832157815925,0.5236220472440944,0.0511811023622047,0.1762408038368888,0.3069249042275274,High-density urban gemeente,Tilburg
855,Senior (70+),130,95.02235440938243,0.2753228675491386,0.3438338564141097,0.3936063427647672,0.4619413791719882,,Tilburg,254.0,230395.0,392.4887041819484,238.90548840035592,153.5832157815925,0.5236220472440944,0.0511811023622047,0.1762408038368888,0.3069249042275274,High-density urban gemeente,Tilburg
855,Young Adult (18-29),277,288.1861045043642,0.40894321446176474,0.3242148528747407,0.4779427490156422,0.44554703651870436,,Tilburg,254.0,230395.0,392.4887041819484,238.90548840035592,153.5832157815925,0.5236220472440944,0.0511811023622047,0.1762408038368888,0.3069249042275274,High-density urban gemeente,Tilburg
858,Child/Teen (<18),30,36.39892134343107,0.5982980452278135,0.22528432606848856,0.4958467977707812,0.47689988852091963,0.8202572724429152,Valkenswaard,16.0,31970.0,101.75695964967156,65.18486080700657,36.572098842665,0.1875,0.125,0.2661870503597122,0.3064175020491997,Mixed gemeente,Valkenswaard
858,Family w/ Kids,48,54.78113613396897,0.32001367843770545,0.4767226282485348,0.48363942854861686,0.3422958233312269,0.8202572724429152,Valkenswaard,16.0,31970.0,101.75695964967156,65.18486080700657,36.572098842665,0.1875,0.125,0.2661870503597122,0.3064175020491997,Mixed gemeente,Valkenswaard
858,Mid-life No Kids (30-54),15,11.403038373771697,0.39806481494883406,0.46947270911433064,0.31854998624961994,0.2833851988015457,0.8202572724429152,Valkenswaard,16.0,31970.0,101.75695964967156,65.18486080700657,36.572098842665,0.1875,0.125,0.2661870503597122,0.3064175020491997,Mixed gemeente,Valkenswaard
858,Older Adult (55-69),29,30.51312546496892,0.1726492661339244,0.33029585341123513,0.45106157637932714,0.46508980592961724,0.8202572724429152,Valkenswaard,16.0,31970.0,101.75695964967156,65.18486080700657,36.572098842665,0.1875,0.125,0.2661870503597122,0.3064175020491997,Mixed gemeente,Valkenswaard
858,Senior (70+),53,45.334739914073374,0.36621817331888706,0.20666718364089656,0.5398716374831072,0.3626059069038631,0.8202572724429152,Valkenswaard,16.0,31970.0,101.75695964967156,65.18486080700657,36.572098842665,0.1875,0.125,0.2661870503597122,0.3064175020491997,Mixed gemeente,Valkenswaard
858,Young Adult (18-29),26,33.74390931488695,0.3988402452648199,0.4472336296102098,0.44464397862737004,0.3954980816675504,0.8202572724429152,Valkenswaard,16.0,31970.0,101.75695964967156,65.18486080700657,36.572098842665,0.1875,0.125,0.2661870503597122,0.3064175020491997,Mixed gemeente,Valkenswaard
861,Child/Teen (<18),37,40.859755451978664,0.5594845955360582,0.12551378140217095,0.6757006769123497,0.2519550383344862,0.8289667121705345,Veldhoven,17.0,47615.0,157.5653680562848,102.92397353775073,54.64139451853408,0.3529411764705882,0.1176470588235294,0.2273443242675627,0.346645812454958,Mixed gemeente,Veldhoven
861,Family w/ Kids,64,50.71541894799023,0.3008465170240815,0.4885331863299832,0.28368593025267463,0.4037221793273493,0.8289667121705345,Veldhoven,17.0,47615.0,157.5653680562848,102.92397353775073,54.64139451853408,0.3529411764705882,0.1176470588235294,0.2273443242675627,0.346645812454958,Mixed gemeente,Veldhoven
861,Mid-life No Kids (30-54),29,25.573208372975802,0.3892007443188333,0.26165462602409356,0.4226780950626249,0.49203020417596627,0.8289667121705345,Veldhoven,17.0,47615.0,157.5653680562848,102.92397353775073,54.64139451853408,0.3529411764705882,0.1176470588235294,0.2273443242675627,0.346645812454958,Mixed gemeente,Veldhoven
861,Older Adult (55-69),76,67.09744908838886,0.2562777283256888,0.266724836549611,0.4579806119834785,0.4877131571407531,0.8289667121705345,Veldhoven,17.0,47615.0,157.5653680562848,102.92397353775073,54.64139451853408,0.3529411764705882,0.1176470588235294,0.2273443242675627,0.346645812454958,Mixed gemeente,Veldhoven
861,Senior (70+),66,53.86664345250773,0.4190678634733438,0.27762146163002865,0.5505709037483704,0.34119653091520785,0.8289667121705345,Veldhoven,17.0,47615.0,157.5653680562848,102.92397353775073,54.64139451853408,0.3529411764705882,0.1176470588235294,0.2273443242675627,0.346645812454958,Mixed gemeente,Veldhoven
861,Young Adult (18-29),33,38.7652710186562,0.17658021782457894,0.355722515470258,0.4853026488150954,0.3821855694516927,0.8289667121705345,Veldhoven,17.0,47615.0,157.5653680562848,102.92397353775073,54.64139451853408,0.3529411764705882,0.1176470588235294,0.2273443242675627,0.346645812454958,Mixed gemeente,Veldhoven
865,Child/Teen (<18),17,20.65210256281317,0.3027145522425335,0.2365959667522993,0.45128027463198517,0.472590147086031,0.942996668685645,Vught,23.0,33020.0,89.978952150212,56.68852210781345,33.29043004239855,0.0869565217391304,0.217391304347826,0.2337976983646275,0.3613330273926273,Mixed gemeente,Vught
865,Family w/ Kids,48,48.86626695571177,0.48843322285348734,0.30996335014342785,0.3060545049668644,0.32450085637924003,0.942996668685645,Vught,23.0,33020.0,89.978952150212,56.68852210781345,33.29043004239855,0.0869565217391304,0.217391304347826,0.2337976983646275,0.3613330273926273,Mixed gemeente,Vught
865,Mid-life No Kids (30-54),24,25.848449440032905,0.3979549355346233,0.27094262734721397,0.6231652014670725,0.3768347985329274,0.942996668685645,Vught,23.0,33020.0,89.978952150212,56.68852210781345,33.29043004239855,0.0869565217391304,0.217391304347826,0.2337976983646275,0.3613330273926273,Mixed gemeente,Vught
865,Older Adult (55-69),31,22.507091322742234,0.2427979012440738,0.5782391569777032,0.6664741707090814,0.19638070933843715,0.942996668685645,Vught,23.0,33020.0,89.978952150212,56.68852210781345,33.29043004239855,0.0869565217391304,0.217391304347826,0.2337976983646275,0.3613330273926273,Mixed gemeente,Vught
865,Senior (70+),28,26.522276597246936,0.06860718957420885,0.6528876658589193,0.5626172260535255,0.4373827739464747,0.9429966686856451,Vught,23.0,33020.0,89.978952150212,56.68852210781345,33.29043004239855,0.0869565217391304,0.217391304347826,0.2337976983646275,0.3613330273926273,Mixed gemeente,Vught
865,Young Adult (18-29),9,10.724061702202818,0.0,0.5878519804479247,0.39665749393614796,0.6033425060638521,0.942996668685645,Vught,23.0,33020.0,89.978952150212,56.68852210781345,33.29043004239855,0.0869565217391304,0.217391304347826,0.2337976983646275,0.3613330273926273,Mixed gemeente,Vught
866,Child/Teen (<18),24,21.878149495370586,0.7862399169286909,0.0,0.5642459287931705,0.2761752828246359,0.783724504051411,Waalre,5.0,17895.0,73.39200894104498,39.68035764179938,33.7116512992456,0.0,0.2,0.2483934059793238,0.3567350754776553,Mixed gemeente,Waalre
866,Family w/ Kids,10,9.633635532711327,0.5463700454868637,0.18480002055903447,0.268829933954102,0.5939864824348751,0.783724504051411,Waalre,5.0,17895.0,73.39200894104498,39.68035764179938,33.7116512992456,0.0,0.2,0.2483934059793238,0.3567350754776553,Mixed gemeente,Waalre
866,Mid-life No Kids (30-54),14,13.984282758242742,0.600693651759349,0.39930634824065125,0.639440443708423,0.3605595562915772,0.783724504051411,Waalre,5.0,17895.0,73.39200894104498,39.68035764179938,33.7116512992456,0.0,0.2,0.2483934059793238,0.3567350754776553,Mixed gemeente,Waalre
866,Older Adult (55-69),24,20.32568906286334,0.09791735854218299,0.375591729477134,0.601956751711137,0.39804324828886295,0.783724504051411,Waalre,5.0,17895.0,73.39200894104498,39.68035764179938,33.7116512992456,0.0,0.2,0.2483934059793238,0.3567350754776553,Mixed gemeente,Waalre
866,Senior (70+),21,18.47229757831765,0.06646867133609727,0.34533817439838493,0.5107226861152399,0.4228086425486629,0.783724504051411,Waalre,5.0,17895.0,73.39200894104498,39.68035764179938,33.7116512992456,0.0,0.2,0.2483934059793238,0.3567350754776553,Mixed gemeente,Waalre
866,Young Adult (18-29),9,12.793068900078147,0.20632310660622788,0.3631957807251749,0.21524055633429856,0.5291839411076757,0.783724504051411,Waalre,5.0,17895.0,73.39200894104498,39.68035764179938,33.7116512992456,0.0,0.2,0.2483934059793238,0.3567350754776553,Mixed gemeente,Waalre
867,Child/Teen (<18),35,45.52787971208734,0.4728128509665196,0.18414028292659582,0.6680410476303029,0.3062137342148899,,Waalwijk,23.0,51255.0,126.8167008096771,75.24065944785875,51.57604136181836,0.1739130434782608,0.0869565217391304,0.2206613988879133,0.3314541199429084,Mixed gemeente,Waalwijk
867,Family w/ Kids,46,50.04939263601725,0.30413323816133375,0.24420999902882354,0.515473446896679,0.19332958383355522,,Waalwijk,23.0,51255.0,126.8167008096771,75.24065944785875,51.57604136181836,0.1739130434782608,0.0869565217391304,0.2206613988879133,0.3314541199429084,Mixed gemeente,Waalwijk
867,Mid-life No Kids (30-54),45,44.21095600839119,0.21657700208883435,0.3985397003891459,0.6024565052141407,0.3050991189548617,,Waalwijk,23.0,51255.0,126.8167008096771,75.24065944785875,51.57604136181836,0.1739130434782608,0.0869565217391304,0.2206613988879133,0.3314541199429084,Mixed gemeente,Waalwijk
867,Older Adult (55-69),28,32.88060643718065,0.5271165528381501,0.10723589960334871,0.597498817876716,0.34589680239416365,,Waalwijk,23.0,51255.0,126.8167008096771,75.24065944785875,51.57604136181836,0.1739130434782608,0.0869565217391304,0.2206613988879133,0.3314541199429084,Mixed gemeente,Waalwijk
867,Senior (70+),62,45.342554962300966,0.2625547120176339,0.4511176821851721,0.4938981164815195,0.4261959930118589,,Waalwijk,23.0,51255.0,126.8167008096771,75.24065944785875,51.57604136181836,0.1739130434782608,0.0869565217391304,0.2206613988879133,0.3314541199429084,Mixed gemeente,Waalwijk
867,Young Adult (18-29),19,16.76785854514864,0.5037300614704681,0.3050844788298464,0.6605146982828626,0.2781127729628372,,Waalwijk,23.0,51255.0,126.8167008096771,75.24065944785875,51.57604136181836,0.1739130434782608,0.0869565217391304,0.2206613988879133,0.3314541199429084,Mixed gemeente,Waalwijk
873,Child/Teen (<18),13,13.879121283338762,0.4880347099546146,0.42610786033964326,0.7154266531020208,0.2845733468979791,0.8431403469249831,Woensdrecht,16.0,22195.0,40.29533678756477,23.49020049560712,16.80513629195765,0.0,0.1875,0.2552376661410228,0.3269255886635248,Mixed gemeente,Woensdrecht
873,Family w/ Kids,23,19.858796769654585,0.14099290273223405,0.43937651755575385,0.2712104583615737,0.39316054269850753,0.8431403469249831,Woensdrecht,16.0,22195.0,40.29533678756477,23.49020049560712,16.80513629195765,0.0,0.1875,0.2552376661410228,0.3269255886635248,Mixed gemeente,Woensdrecht
873,Older Adult (55-69),16,14.730527789066748,0.0,0.535287367667505,0.7023597531866923,0.2189424785830567,0.8431403469249831,Woensdrecht,16.0,22195.0,40.29533678756477,23.49020049560712,16.80513629195765,0.0,0.1875,0.2552376661410228,0.3269255886635248,Mixed gemeente,Woensdrecht
873,Senior (70+),17,14.694518823176693,0.13007306402790023,0.27271808292570604,0.6884776736323661,0.11641273032578356,0.8431403469249831,Woensdrecht,16.0,22195.0,40.29533678756477,23.49020049560712,16.80513629195765,0.0,0.1875,0.2552376661410228,0.3269255886635248,Mixed gemeente,Woensdrecht
873,Young Adult (18-29),1,1.2828480063694536,0.0,1.0,0.0,1.0,0.8431403469249831,Woensdrecht,16.0,22195.0,40.29533678756477,23.49020049560712,16.80513629195765,0.0,0.1875,0.2552376661410228,0.3269255886635248,Mixed gemeente,Woensdrecht
879,Child/Teen (<18),10,12.114894700043386,0.34933663701028067,0.4337755753264794,0.3524537177777021,0.6475462822222977,1.475263100197325,Zundert,11.0,22805.0,35.442227581670686,20.02477526858145,15.417452313089235,0.0,0.1818181818181818,0.246217934663451,0.3180456833129262,Mixed gemeente,Zundert
879,Family w/ Kids,15,16.162270705563113,0.603887082222144,0.2778787911280494,0.49703163717706583,0.37068767880511855,1.475263100197325,Zundert,11.0,22805.0,35.442227581670686,20.02477526858145,15.417452313089235,0.0,0.1818181818181818,0.246217934663451,0.3180456833129262,Mixed gemeente,Zundert
879,Mid-life No Kids (30-54),6,5.025175039482348,0.4863293662849607,0.12448988640786424,0.36183947987709647,0.6381605201229035,1.475263100197325,Zundert,11.0,22805.0,35.442227581670686,20.02477526858145,15.417452313089235,0.0,0.1818181818181818,0.246217934663451,0.3180456833129262,Mixed gemeente,Zundert
879,Older Adult (55-69),25,19.531101151839803,0.31991118472478675,0.35788161625209686,0.4192562671387708,0.5807437328612294,1.475263100197325,Zundert,11.0,22805.0,35.442227581670686,20.02477526858145,15.417452313089235,0.0,0.1818181818181818,0.246217934663451,0.3180456833129262,Mixed gemeente,Zundert
879,Senior (70+),14,11.783887872931881,0.10951377168348587,0.42502573655571346,0.1601990293641845,0.6056018152150314,1.4752631001973253,Zundert,11.0,22805.0,35.442227581670686,20.02477526858145,15.417452313089235,0.0,0.1818181818181818,0.246217934663451,0.3180456833129262,Mixed gemeente,Zundert
879,Young Adult (18-29),8,8.0009588997135,0.19288561031759788,0.8071143896824022,0.34763307506332985,0.6523669249366703,1.475263100197325,Zundert,11.0,22805.0,35.442227581670686,20.02477526858145,15.417452313089235,0.0,0.1818181818181818,0.246217934663451,0.3180456833129262,Mixed gemeente,Zundert
1652,Child/Teen (<18),25,27.835163347777403,0.8802256288602631,0.0,0.4437238801376887,0.5184536328914805,1.1141769743101808,Gemert-Bakel,24.0,31530.0,49.40834126228988,31.42245480494767,17.985886457342215,0.0,0.375,0.2216936251189343,0.3667407651007686,Mixed gemeente,Gemert-Bakel
1652,Family w/ Kids,34,32.64539576708177,0.0829972491401351,0.485822530356277,0.5092581778801745,0.3746369304832787,1.1141769743101808,Gemert-Bakel,24.0,31530.0,49.40834126228988,31.42245480494767,17.985886457342215,0.0,0.375,0.2216936251189343,0.3667407651007686,Mixed gemeente,Gemert-Bakel
1652,Mid-life No Kids (30-54),25,29.731381287400623,0.20773388308095883,0.4049516139691225,0.258120477357489,0.5304095983619593,1.1141769743101808,Gemert-Bakel,24.0,31530.0,49.40834126228988,31.42245480494767,17.985886457342215,0.0,0.375,0.2216936251189343,0.3667407651007686,Mixed gemeente,Gemert-Bakel
1652,Older Adult (55-69),55,56.940149363340815,0.24018023745558542,0.353439822207393,0.4806640848979077,0.42849742714240324,1.1141769743101808,Gemert-Bakel,24.0,31530.0,49.40834126228988,31.42245480494767,17.985886457342215,0.0,0.375,0.2216936251189343,0.3667407651007686,Mixed gemeente,Gemert-Bakel
1652,Senior (70+),28,22.02060250746612,0.5347771062506488,0.0809727553694584,0.4037934641218508,0.5534779729566152,1.1141769743101808,Gemert-Bakel,24.0,31530.0,49.40834126228988,31.42245480494767,17.985886457342215,0.0,0.375,0.2216936251189343,0.3667407651007686,Mixed gemeente,Gemert-Bakel
1652,Young Adult (18-29),19,18.578003617570953,0.1568307275575833,0.6242459078800489,0.5075907831186419,0.3911182262749437,1.1141769743101808,Gemert-Bakel,24.0,31530.0,49.40834126228988,31.42245480494767,17.985886457342215,0.0,0.375,0.2216936251189343,0.3667407651007686,Mixed gemeente,Gemert-Bakel
1655,Child/Teen (<18),14,20.342058886032053,0.22162866296224026,0.33506979166962486,0.3443733192047478,0.6556266807952523,0.9085552543453994,Halderberge,20.0,31355.0,46.02407909424334,30.764152447775476,15.259926646467868,0.0,0.3,0.2463721894434699,0.3473545800385136,Mixed gemeente,Halderberge
1655,Family w/ Kids,30,26.07204894555285,0.032567461532058015,0.4644219213064587,0.5110455765941964,0.4563869618737456,0.9085552543453994,Halderberge,20.0,31355.0,46.02407909424334,30.764152447775476,15.259926646467868,0.0,0.3,0.2463721894434699,0.3473545800385136,Mixed gemeente,Halderberge
1655,Mid-life No Kids (30-54),16,15.228962490882264,0.0,0.8769605590573709,0.4977717471409868,0.2735462167387742,0.9085552543453994,Halderberge,20.0,31355.0,46.02407909424334,30.764152447775476,15.259926646467868,0.0,0.3,0.2463721894434699,0.3473545800385136,Mixed gemeente,Halderberge
1655,Older Adult (55-69),41,44.63275547644472,0.3478333863369104,0.38685332554304014,0.6315240623913734,0.29197513515912166,0.9085552543453993,Halderberge,20.0,31355.0,46.02407909424334,30.764152447775476,15.259926646467868,0.0,0.3,0.2463721894434699,0.3473545800385136,Mixed gemeente,Halderberge
1655,Senior (70+),23,16.47020176107044,0.25681217716596,0.4793569098321928,0.32551291436370666,0.6287956564807815,0.9085552543453994,Halderberge,20.0,31355.0,46.02407909424334,30.764152447775476,15.259926646467868,0.0,0.3,0.2463721894434699,0.3473545800385136,Mixed gemeente,Halderberge
1655,Young Adult (18-29),12,11.660406809964732,0.5892565077599123,0.23772529719377739,0.16831957151157811,0.7523197640143048,0.9085552543453993,Halderberge,20.0,31355.0,46.02407909424334,30.764152447775476,15.259926646467868,0.0,0.3,0.2463721894434699,0.3473545800385136,Mixed gemeente,Halderberge
1658,Child/Teen (<18),13,17.182146877907897,0.44356967482392545,0.3789724851013799,0.41296266411536203,0.5870373358846381,1.0387075526932084,Heeze-Leende,33.0,17080.0,4.72980093676815,4.129976580796253,0.599824355971897,0.0,0.2424242424242424,0.2625878220140515,0.3420778678949783,Mixed gemeente,Heeze-Leende
1658,Family w/ Kids,23,20.840538477522237,0.09833914301315881,0.5956082701119,0.3756697498953625,0.30924418197160597,1.0387075526932084,Heeze-Leende,33.0,17080.0,4.72980093676815,4.129976580796253,0.599824355971897,0.0,0.2424242424242424,0.2625878220140515,0.3420778678949783,Mixed gemeente,Heeze-Leende
1658,Older Adult (55-69),13,11.50950293257268,0.3210511937855324,0.5612064694363802,0.63165627121901,0.27159328907470603,1.0387075526932084,Heeze-Leende,33.0,17080.0,4.72980093676815,4.129976580796253,0.599824355971897,0.0,0.2424242424242424,0.2625878220140515,0.3420778678949783,Mixed gemeente,Heeze-Leende
1658,Senior (70+),43,36.872903071990834,0.6203439483535935,0.22020002653103246,0.6590483497826845,0.14936499916284013,1.0387075526932084,Heeze-Leende,33.0,17080.0,4.72980093676815,4.129976580796253,0.599824355971897,0.0,0.2424242424242424,0.2625878220140515,0.3420778678949783,Mixed gemeente,Heeze-Leende
1658,Young Adult (18-29),13,10.679251024403472,0.26391690119730404,0.736083098802696,0.6090919066452152,0.28063464685945316,1.0387075526932084,Heeze-Leende,33.0,17080.0,4.72980093676815,4.129976580796253,0.599824355971897,0.0,0.2424242424242424,0.2625878220140515,0.3420778678949783,Mixed gemeente,Heeze-Leende
1659,Child/Teen (<18),3,4.2332556540346795,1.0,0.0,0.0,1.0,0.8918845082494108,Laarbeek,15.0,23335.0,41.268909363616885,25.006428112277696,16.26248125133919,0.0,0.2666666666666666,0.2464109706449539,0.3666342564332301,Mixed gemeente,Laarbeek
1659,Family w/ Kids,26,28.368063901237456,0.3054077593815582,0.38111563436897644,0.37252955745704347,0.5185859547316077,0.8918845082494108,Laarbeek,15.0,23335.0,41.268909363616885,25.006428112277696,16.26248125133919,0.0,0.2666666666666666,0.2464109706449539,0.3666342564332301,Mixed gemeente,Laarbeek
1659,Mid-life No Kids (30-54),10,7.944206960261181,0.09794619233761767,0.09886137343647905,0.23348233160304202,0.6318967102303951,0.8918845082494109,Laarbeek,15.0,23335.0,41.268909363616885,25.006428112277696,16.26248125133919,0.0,0.2666666666666666,0.2464109706449539,0.3666342564332301,Mixed gemeente,Laarbeek
1659,Older Adult (55-69),32,26.118972244625972,0.4522545777968755,0.2764321067423275,0.6442507989718816,0.3557492010281185,0.8918845082494108,Laarbeek,15.0,23335.0,41.268909363616885,25.006428112277696,16.26248125133919,0.0,0.2666666666666666,0.2464109706449539,0.3666342564332301,Mixed gemeente,Laarbeek
1659,Senior (70+),19,12.692123841642928,0.6550594657836286,0.19721105107895204,0.7761167980910233,0.22388320190897673,0.8918845082494108,Laarbeek,15.0,23335.0,41.268909363616885,25.006428112277696,16.26248125133919,0.0,0.2666666666666666,0.2464109706449539,0.3666342564332301,Mixed gemeente,Laarbeek
1659,Young Adult (18-29),24,23.505758758080688,0.17671244178637066,0.7285012875898109,0.189263589909228,0.7415088410989541,0.8918845082494108,Laarbeek,15.0,23335.0,41.268909363616885,25.006428112277696,16.26248125133919,0.0,0.2666666666666666,0.2464109706449539,0.3666342564332301,Mixed gemeente,Laarbeek
1667,Child/Teen (<18),15,17.542084727428392,0.8784200691728985,0.12157993082710163,0.5486002649495129,0.3593523602711216,1.3545479502196194,Reusel-De Mierden,11.0,13660.0,30.990483162518306,19.659224011713032,11.331259150805272,0.0,0.4545454545454545,0.2357247437774524,0.3448282312091816,Mixed gemeente,Reusel-De Mierden
1667,Family w/ Kids,5,6.993015736594843,0.13657481982890973,0.7295610398530074,0.5929862200240975,0.27043896014699265,1.3545479502196194,Reusel-De Mierden,11.0,13660.0,30.990483162518306,19.659224011713032,11.331259150805272,0.0,0.4545454545454545,0.2357247437774524,0.3448282312091816,Mixed gemeente,Reusel-De Mierden
1667,Mid-life No Kids (30-54),2,1.5884766347854349,0.0,1.0,1.0,0.0,1.3545479502196194,Reusel-De Mierden,11.0,13660.0,30.990483162518306,19.659224011713032,11.331259150805272,0.0,0.4545454545454545,0.2357247437774524,0.3448282312091816,Mixed gemeente,Reusel-De Mierden
1667,Older Adult (55-69),18,23.440548081106392,0.09756647114552201,0.0,0.3089736354505266,0.6515504799779471,1.3545479502196194,Reusel-De Mierden,11.0,13660.0,30.990483162518306,19.659224011713032,11.331259150805272,0.0,0.4545454545454545,0.2357247437774524,0.3448282312091816,Mixed gemeente,Reusel-De Mierden
1667,Senior (70+),16,10.556908796341721,0.197616726688862,0.5606336217577658,0.5400668673573323,0.3260186249901309,1.3545479502196194,Reusel-De Mierden,11.0,13660.0,30.990483162518306,19.659224011713032,11.331259150805272,0.0,0.4545454545454545,0.2357247437774524,0.3448282312091816,Mixed gemeente,Reusel-De Mierden
1667,Young Adult (18-29),11,10.511875303017408,0.36262121288247995,0.5756230216550268,0.785602358940863,0.21439764105913678,1.3545479502196194,Reusel-De Mierden,11.0,13660.0,30.990483162518306,19.659224011713032,11.331259150805272,0.0,0.4545454545454545,0.2357247437774524,0.3448282312091816,Mixed gemeente,Reusel-De Mierden
1674,Child/Teen (<18),56,55.01717965770402,0.5902745536449894,0.1298765863412906,0.5419983204084711,0.34257898035802187,,Roosendaal,55.0,77705.0,196.71018595971944,129.47204169615856,67.2381442635609,0.4,0.1272727272727272,0.2322244385818158,0.3202346066849825,Mixed gemeente,Roosendaal
1674,Family w/ Kids,121,129.42128115299704,0.1671893757331736,0.3970066746254428,0.3724529827478879,0.3422646183578075,,Roosendaal,55.0,77705.0,196.71018595971944,129.47204169615856,67.2381442635609,0.4,0.1272727272727272,0.2322244385818158,0.3202346066849825,Mixed gemeente,Roosendaal
1674,Mid-life No Kids (30-54),50,41.73607162920556,0.18810620978755385,0.5613499279037099,0.3843954294244959,0.5298521242168804,,Roosendaal,55.0,77705.0,196.71018595971944,129.47204169615856,67.2381442635609,0.4,0.1272727272727272,0.2322244385818158,0.3202346066849825,Mixed gemeente,Roosendaal
1674,Older Adult (55-69),86,88.01689166530969,0.2613369092118496,0.3847480967406843,0.492804150255208,0.41025069360550753,,Roosendaal,55.0,77705.0,196.71018595971944,129.47204169615856,67.2381442635609,0.4,0.1272727272727272,0.2322244385818158,0.3202346066849825,Mixed gemeente,Roosendaal
1674,Senior (70+),67,54.762516728204794,0.2619280133703961,0.3920378129005899,0.5668682969909292,0.2623443061037576,,Roosendaal,55.0,77705.0,196.71018595971944,129.47204169615856,67.2381442635609,0.4,0.1272727272727272,0.2322244385818158,0.3202346066849825,Mixed gemeente,Roosendaal
1674,Young Adult (18-29),43,45.02842633422878,0.3504664076185225,0.34339341095003173,0.5215937802054327,0.45358741115456264,,Roosendaal,55.0,77705.0,196.71018595971944,129.47204169615856,67.2381442635609,0.4,0.1272727272727272,0.2322244385818158,0.3202346066849825,Mixed gemeente,Roosendaal
1706,Child/Teen (<18),15,13.798651869117501,0.4843762708782876,0.1916885158055395,0.3487738566281835,0.6512261433718166,,Cranendonck,20.0,21665.0,38.54188783752596,24.591968612970227,13.949919224555735,0.0,0.2,0.2550196168936072,0.3288919501617189,Mixed gemeente,Cranendonck
1706,Family w/ Kids,24,26.084369818840955,0.18195134667927101,0.42091525848421224,0.3795050132687423,0.20460691746298101,,Cranendonck,20.0,21665.0,38.54188783752596,24.591968612970227,13.949919224555735,0.0,0.2,0.2550196168936072,0.3288919501617189,Mixed gemeente,Cranendonck
1706,Mid-life No Kids (30-54),6,6.609566722976681,0.0,0.7066388321488681,0.586722335702264,0.41327766429773616,,Cranendonck,20.0,21665.0,38.54188783752596,24.591968612970227,13.949919224555735,0.0,0.2,0.2550196168936072,0.3288919501617189,Mixed gemeente,Cranendonck
1706,Older Adult (55-69),26,24.100899025273222,0.382820937235273,0.3636345893218265,0.5432496639230368,0.3459682064002202,,Cranendonck,20.0,21665.0,38.54188783752596,24.591968612970227,13.949919224555735,0.0,0.2,0.2550196168936072,0.3288919501617189,Mixed gemeente,Cranendonck
1706,Senior (70+),2,1.5361232388445416,1.0,0.0,1.0,0.0,,Cranendonck,20.0,21665.0,38.54188783752596,24.591968612970227,13.949919224555735,0.0,0.2,0.2550196168936072,0.3288919501617189,Mixed gemeente,Cranendonck
1706,Young Adult (18-29),24,31.807031723318318,0.24645768945770188,0.6265502311206497,0.4217713161319515,0.4628992720789235,,Cranendonck,20.0,21665.0,38.54188783752596,24.591968612970227,13.949919224555735,0.0,0.2,0.2550196168936072,0.3288919501617189,Mixed gemeente,Cranendonck
1709,Child/Teen (<18),30,35.53053497078475,0.6095912985008588,0.0,0.6378326150601619,0.3112746242275804,,Moerdijk,39.0,38255.0,43.04430793360345,29.215396680172528,13.828911253430924,0.0,0.1794871794871795,0.2346098549209253,0.3434840589653284,Mixed gemeente,Moerdijk
1709,Family w/ Kids,30,30.788711982928554,0.07038148440142278,0.8005936736128985,0.3670047146464009,0.2771812653239447,,Moerdijk,39.0,38255.0,43.04430793360345,29.215396680172528,13.828911253430924,0.0,0.1794871794871795,0.2346098549209253,0.3434840589653284,Mixed gemeente,Moerdijk
1709,Mid-life No Kids (30-54),27,28.26225139918286,0.14708910856600443,0.6040190122348612,0.6406938392067477,0.2235403177147964,,Moerdijk,39.0,38255.0,43.04430793360345,29.215396680172528,13.828911253430924,0.0,0.1794871794871795,0.2346098549209253,0.3434840589653284,Mixed gemeente,Moerdijk
1709,Older Adult (55-69),28,28.491379915667594,0.4848362845892161,0.2978451752867861,0.5348037717759816,0.3275823066573787,,Moerdijk,39.0,38255.0,43.04430793360345,29.215396680172528,13.828911253430924,0.0,0.1794871794871795,0.2346098549209253,0.3434840589653284,Mixed gemeente,Moerdijk
1709,Senior (70+),22,16.750908060397286,0.24258898343495175,0.34492584549535527,0.4079788512850426,0.4972263495804546,,Moerdijk,39.0,38255.0,43.04430793360345,29.215396680172528,13.828911253430924,0.0,0.1794871794871795,0.2346098549209253,0.3434840589653284,Mixed gemeente,Moerdijk
1709,Young Adult (18-29),43,45.07368264307807,0.14390913734673286,0.41039094669041903,0.31992925499874575,0.5424740976991395,,Moerdijk,39.0,38255.0,43.04430793360345,29.215396680172528,13.828911253430924,0.0,0.1794871794871795,0.2346098549209253,0.3434840589653284,Mixed gemeente,Moerdijk
1719,Child/Teen (<18),23,26.376249904123657,0.4941519269403078,0.30679113604642533,0.19807514030025208,0.7843204123921643,0.910801378335395,Drimmelen,38.0,28295.0,56.94451316487012,37.801555045060965,19.142958119809155,0.0,0.131578947368421,0.2427990811097367,0.342604704053517,Mixed gemeente,Drimmelen
1719,Family w/ Kids,49,53.55373683058729,0.153066211897958,0.44304195827694204,0.30553468467165723,0.39205107852114524,0.910801378335395,Drimmelen,38.0,28295.0,56.94451316487012,37.801555045060965,19.142958119809155,0.0,0.131578947368421,0.2427990811097367,0.342604704053517,Mixed gemeente,Drimmelen
1719,Mid-life No Kids (30-54),11,8.196830251015063,0.0,0.6971084194216436,0.24928140885143205,0.40711171160105625,0.910801378335395,Drimmelen,38.0,28295.0,56.94451316487012,37.801555045060965,19.142958119809155,0.0,0.131578947368421,0.2427990811097367,0.342604704053517,Mixed gemeente,Drimmelen
1719,Older Adult (55-69),64,56.702673073309796,0.14652286326533606,0.47062157402902544,0.560940067561396,0.40052015060756024,0.910801378335395,Drimmelen,38.0,28295.0,56.94451316487012,37.801555045060965,19.142958119809155,0.0,0.131578947368421,0.2427990811097367,0.342604704053517,Mixed gemeente,Drimmelen
1719,Senior (70+),34,26.90319080366084,0.2482519865127649,0.3174347416232758,0.4801747589810007,0.5198252410189993,0.910801378335395,Drimmelen,38.0,28295.0,56.94451316487012,37.801555045060965,19.142958119809155,0.0,0.131578947368421,0.2427990811097367,0.342604704053517,Mixed gemeente,Drimmelen
1719,Young Adult (18-29),9,12.041908250846127,0.13478792430900302,0.6655733705410376,0.5307854462320345,0.4692145537679653,0.9108013783353949,Drimmelen,38.0,28295.0,56.94451316487012,37.801555045060965,19.142958119809155,0.0,0.131578947368421,0.2427990811097367,0.342604704053517,Mixed gemeente,Drimmelen
1721,Child/Teen (<18),31,28.726442042083164,0.7590848984865995,0.24091510151340043,0.5634132334990631,0.436586766500937,1.0470249961662321,Bernheze,53.0,32605.0,70.48780861831007,51.40269897255022,19.085109645759854,0.0,0.3584905660377358,0.2310995246127894,0.3779399998960003,Mixed gemeente,Bernheze
1721,Family w/ Kids,74,85.865346539951,0.20244193461336762,0.4418599575076901,0.13322562648213646,0.43726191740831594,1.0470249961662321,Bernheze,53.0,32605.0,70.48780861831007,51.40269897255022,19.085109645759854,0.0,0.3584905660377358,0.2310995246127894,0.3779399998960003,Mixed gemeente,Bernheze
1721,Mid-life No Kids (30-54),6,5.635813364300508,0.0,0.6748852001967997,0.21838466134058054,0.5434994611437809,1.0470249961662321,Bernheze,53.0,32605.0,70.48780861831007,51.40269897255022,19.085109645759854,0.0,0.3584905660377358,0.2310995246127894,0.3779399998960003,Mixed gemeente,Bernheze
1721,Older Adult (55-69),51,48.80540530768779,0.21832928169396795,0.4902010748271874,0.4661829160880322,0.4309675558291781,1.0470249961662321,Bernheze,53.0,32605.0,70.48780861831007,51.40269897255022,19.085109645759854,0.0,0.3584905660377358,0.2310995246127894,0.3779399998960003,Mixed gemeente,Bernheze
1721,Senior (70+),26,16.850069221435394,0.47447880139012427,0.2072305654921659,0.28333672897672296,0.5621686798913917,1.0470249961662321,Bernheze,53.0,32605.0,70.48780861831007,51.40269897255022,19.085109645759854,0.0,0.3584905660377358,0.2310995246127894,0.3779399998960003,Mixed gemeente,Bernheze
1721,Young Adult (18-29),18,17.162588626271724,0.20711140346068807,0.334915290748386,0.2721034071227512,0.6629045892151856,1.0470249961662321,Bernheze,53.0,32605.0,70.48780861831007,51.40269897255022,19.085109645759854,0.0,0.3584905660377358,0.2310995246127894,0.3779399998960003,Mixed gemeente,Bernheze
1723,Child/Teen (<18),8,7.935253077128162,0.0,0.43183515224123986,1.0,0.0,1.2537186167693037,Alphen-Chaam,19.0,10555.0,42.48223590715301,25.693510184746565,16.788725722406443,0.0,0.2631578947368421,0.2548555187115111,0.3523396158366264,Mixed gemeente,Alphen-Chaam
1723,Family w/ Kids,11,12.298104842426362,0.0,0.7281292086313558,0.09125168345254227,0.6349932661898312,1.2537186167693037,Alphen-Chaam,19.0,10555.0,42.48223590715301,25.693510184746565,16.788725722406443,0.0,0.2631578947368421,0.2548555187115111,0.3523396158366264,Mixed gemeente,Alphen-Chaam
1723,Mid-life No Kids (30-54),2,1.1238650030905584,0.0,0.0,0.0,1.0,1.2537186167693037,Alphen-Chaam,19.0,10555.0,42.48223590715301,25.693510184746565,16.788725722406443,0.0,0.2631578947368421,0.2548555187115111,0.3523396158366264,Mixed gemeente,Alphen-Chaam
1723,Older Adult (55-69),17,14.76333581068475,0.39506050691767153,0.3574841151523587,0.49065858603474966,0.5093414139652503,1.2537186167693037,Alphen-Chaam,19.0,10555.0,42.48223590715301,25.693510184746565,16.788725722406443,0.0,0.2631578947368421,0.2548555187115111,0.3523396158366264,Mixed gemeente,Alphen-Chaam
1723,Senior (70+),7,5.454202206596971,0.34635304370719033,0.20486260839041276,0.0,0.7951373916095871,1.2537186167693037,Alphen-Chaam,19.0,10555.0,42.48223590715301,25.693510184746565,16.788725722406443,0.0,0.2631578947368421,0.2548555187115111,0.3523396158366264,Mixed gemeente,Alphen-Chaam
1723,Young Adult (18-29),3,1.5202125598763758,0.0,0.7429185621071146,0.0,0.7429185621071146,1.2537186167693037,Alphen-Chaam,19.0,10555.0,42.48223590715301,25.693510184746565,16.788725722406443,0.0,0.2631578947368421,0.2548555187115111,0.3523396158366264,Mixed gemeente,Alphen-Chaam
1724,Child/Teen (<18),4,6.8292793354499395,0.5,0.0,0.0,1.0,,Bergeijk,59.0,19235.0,79.1260722641019,55.365479594489216,23.760592669612684,0.0,0.2033898305084746,0.2461658435144268,0.3512590882954902,Mixed gemeente,Bergeijk
1724,Family w/ Kids,43,57.2724446616623,0.17571183987552938,0.5292731080807466,0.323496021481188,0.32703517543369054,,Bergeijk,59.0,19235.0,79.1260722641019,55.365479594489216,23.760592669612684,0.0,0.2033898305084746,0.2461658435144268,0.3512590882954902,Mixed gemeente,Bergeijk
1724,Mid-life No Kids (30-54),4,2.679988245958654,0.602926835115589,0.0,0.602926835115589,0.39707316488441097,,Bergeijk,59.0,19235.0,79.1260722641019,55.365479594489216,23.760592669612684,0.0,0.2033898305084746,0.2461658435144268,0.3512590882954902,Mixed gemeente,Bergeijk
1724,Older Adult (55-69),30,34.39360637598952,0.38281342977030947,0.4049810734756085,0.6462107600938263,0.3537892399061735,,Bergeijk,59.0,19235.0,79.1260722641019,55.365479594489216,23.760592669612684,0.0,0.2033898305084746,0.2461658435144268,0.3512590882954902,Mixed gemeente,Bergeijk
1724,Senior (70+),26,27.535550828111155,0.2962995042049522,0.3207913539913105,0.5415947259850491,0.37173180014391627,,Bergeijk,59.0,19235.0,79.1260722641019,55.365479594489216,23.760592669612684,0.0,0.2033898305084746,0.2461658435144268,0.3512590882954902,Mixed gemeente,Bergeijk
1724,Young Adult (18-29),15,17.318972115092645,0.3729384385786686,0.6270615614213313,0.20767616546240159,0.7923238345375984,,Bergeijk,59.0,19235.0,79.1260722641019,55.365479594489216,23.760592669612684,0.0,0.2033898305084746,0.2461658435144268,0.3512590882954902,Mixed gemeente,Bergeijk
1728,Child/Teen (<18),26,26.924087260607926,0.4812632142920633,0.30148447571635334,0.3117610494316436,0.6105516332849665,,Bladel,25.0,21005.0,63.93311116400857,38.27660080933112,25.656510354677454,0.0,0.2,0.2411330635562961,0.3401196899247337,Mixed gemeente,Bladel
1728,Family w/ Kids,27,25.933644500361936,0.2712741693793104,0.5441851117637326,0.2821780613665097,0.22583778575460287,,Bladel,25.0,21005.0,63.93311116400857,38.27660080933112,25.656510354677454,0.0,0.2,0.2411330635562961,0.3401196899247337,Mixed gemeente,Bladel
1728,Mid-life No Kids (30-54),11,14.279281461329603,0.0,0.7683326658240446,0.6109911906111785,0.2755963805392435,,Bladel,25.0,21005.0,63.93311116400857,38.27660080933112,25.656510354677454,0.0,0.2,0.2411330635562961,0.3401196899247337,Mixed gemeente,Bladel
1728,Older Adult (55-69),9,9.950487461644274,0.23797008538147982,0.7620299146185203,0.7684548813408917,0.07718170621970284,,Bladel,25.0,21005.0,63.93311116400857,38.27660080933112,25.656510354677454,0.0,0.2,0.2411330635562961,0.3401196899247337,Mixed gemeente,Bladel
1728,Senior (70+),19,10.602280639166917,0.5034150692704478,0.34050128157528287,0.19798995444239215,0.5674486883409728,,Bladel,25.0,21005.0,63.93311116400857,38.27660080933112,25.656510354677454,0.0,0.2,0.2411330635562961,0.3401196899247337,Mixed gemeente,Bladel
1728,Young Adult (18-29),2,1.5171096473805097,0.0,1.0,1.0,0.0,,Bladel,25.0,21005.0,63.93311116400857,38.27660080933112,25.656510354677454,0.0,0.2,0.2411330635562961,0.3401196899247337,Mixed gemeente,Bladel
1771,Child/Teen (<18),22,21.936859179364077,0.5752788671679069,0.18491355659945907,0.23273004257474653,0.6969434958035248,,Geldrop-Mierlo,15.0,40750.0,80.00429447852761,53.60957055214724,26.39472392638037,0.1333333333333333,0.0666666666666666,0.2388957055214723,0.3431576443844999,Mixed gemeente,Geldrop-Mierlo
1771,Family w/ Kids,62,70.89518790944341,0.42354468934255346,0.2914249602686772,0.5838900995468539,0.14828778456654176,,Geldrop-Mierlo,15.0,40750.0,80.00429447852761,53.60957055214724,26.39472392638037,0.1333333333333333,0.0666666666666666,0.2388957055214723,0.3431576443844999,Mixed gemeente,Geldrop-Mierlo
1771,Mid-life No Kids (30-54),25,29.038994456626895,0.08513593814785143,0.3447263773916596,0.4407934653521057,0.4672473310119264,,Geldrop-Mierlo,15.0,40750.0,80.00429447852761,53.60957055214724,26.39472392638037,0.1333333333333333,0.0666666666666666,0.2388957055214723,0.3431576443844999,Mixed gemeente,Geldrop-Mierlo
1771,Older Adult (55-69),54,50.809000078217665,0.669177914817098,0.14302674351812167,0.6921492576189568,0.3078507423810431,,Geldrop-Mierlo,15.0,40750.0,80.00429447852761,53.60957055214724,26.39472392638037,0.1333333333333333,0.0666666666666666,0.2388957055214723,0.3431576443844999,Mixed gemeente,Geldrop-Mierlo
1771,Senior (70+),58,36.87930348592886,0.4038972405707454,0.27947971376138453,0.4516467590664522,0.4762756131919567,,Geldrop-Mierlo,15.0,40750.0,80.00429447852761,53.60957055214724,26.39472392638037,0.1333333333333333,0.0666666666666666,0.2388957055214723,0.3431576443844999,Mixed gemeente,Geldrop-Mierlo
1771,Young Adult (18-29),23,24.244268436950577,0.6909251200288647,0.1913694948831367,0.6550592528171255,0.3449407471828744,,Geldrop-Mierlo,15.0,40750.0,80.00429447852761,53.60957055214724,26.39472392638037,0.1333333333333333,0.0666666666666666,0.2388957055214723,0.3431576443844999,Mixed gemeente,Geldrop-Mierlo
1948,Child/Teen (<18),59,73.77030041452278,0.5164278782556652,0.298078300971281,0.5870145342577235,0.4034445939105459,1.0451316333156249,Meierijstad,93.0,84705.0,100.51248450504691,66.6114751195325,33.901009385514435,0.043010752688172,0.2903225806451613,0.2284398795820789,0.3560091421804871,Mixed gemeente,Meierijstad
1948,Family w/ Kids,131,145.30329762667878,0.1808070231961376,0.4491246613666389,0.4496011746037534,0.3633452781019144,1.0451316333156249,Meierijstad,93.0,84705.0,100.51248450504691,66.6114751195325,33.901009385514435,0.043010752688172,0.2903225806451613,0.2284398795820789,0.3560091421804871,Mixed gemeente,Meierijstad
1948,Mid-life No Kids (30-54),39,49.07231636174363,0.0,0.6127338665145142,0.4429341147092534,0.44690194394526606,1.0451316333156249,Meierijstad,93.0,84705.0,100.51248450504691,66.6114751195325,33.901009385514435,0.043010752688172,0.2903225806451613,0.2284398795820789,0.3560091421804871,Mixed gemeente,Meierijstad
1948,Older Adult (55-69),83,80.12324528966101,0.43446134558361915,0.375593239464853,0.4463090999667969,0.3689932680309349,1.0451316333156249,Meierijstad,93.0,84705.0,100.51248450504691,66.6114751195325,33.901009385514435,0.043010752688172,0.2903225806451613,0.2284398795820789,0.3560091421804871,Mixed gemeente,Meierijstad
1948,Senior (70+),82,61.55572058478303,0.4097285235529559,0.3131514698218303,0.5456112887520053,0.338559532467294,1.0451316333156249,Meierijstad,93.0,84705.0,100.51248450504691,66.6114751195325,33.901009385514435,0.043010752688172,0.2903225806451613,0.2284398795820789,0.3560091421804871,Mixed gemeente,Meierijstad
1948,Young Adult (18-29),44,43.02141961928282,0.4752845861569436,0.198611635422805,0.4482003704453939,0.5517996295546063,1.0451316333156249,Meierijstad,93.0,84705.0,100.51248450504691,66.6114751195325,33.901009385514435,0.043010752688172,0.2903225806451613,0.2284398795820789,0.3560091421804871,Mixed gemeente,Meierijstad
1959,Child/Teen (<18),57,72.69668713656532,0.37145750013293505,0.08799571438792998,0.41312371737294756,0.49097806384606435,,Altena,63.0,58745.0,40.02706613328794,26.592135500893693,13.434930632394249,0.0,0.365079365079365,0.2102306579283343,0.3813549397876032,Mixed gemeente,Altena
1959,Family w/ Kids,110,133.7419462904008,0.3004260961556074,0.45127356922791195,0.3797925429078805,0.2732367247478685,,Altena,63.0,58745.0,40.02706613328794,26.592135500893693,13.434930632394249,0.0,0.365079365079365,0.2102306579283343,0.3813549397876032,Mixed gemeente,Altena
1959,Mid-life No Kids (30-54),18,19.705911492794982,0.09334141419785986,0.6614599842418333,0.2763679224159263,0.7236320775840738,,Altena,63.0,58745.0,40.02706613328794,26.592135500893693,13.434930632394249,0.0,0.365079365079365,0.2102306579283343,0.3813549397876032,Mixed gemeente,Altena
1959,Older Adult (55-69),46,50.7539385277301,0.44837359986312175,0.23386554664557158,0.572487459864775,0.362704716554043,,Altena,63.0,58745.0,40.02706613328794,26.592135500893693,13.434930632394249,0.0,0.365079365079365,0.2102306579283343,0.3813549397876032,Mixed gemeente,Altena
1959,Senior (70+),13,16.747607089657006,0.1008979923288276,0.4836356863255241,0.3905783732857137,0.3191065804152524,,Altena,63.0,58745.0,40.02706613328794,26.592135500893693,13.434930632394249,0.0,0.365079365079365,0.2102306579283343,0.3813549397876032,Mixed gemeente,Altena
1959,Young Adult (18-29),21,25.91497225287646,0.10489939607392325,0.4948544479243127,0.28542377523059215,0.5276256772872527,,Altena,63.0,58745.0,40.02706613328794,26.592135500893693,13.434930632394249,0.0,0.365079365079365,0.2102306579283343,0.3813549397876032,Mixed gemeente,Altena
1982,Child/Teen (<18),61,70.27095256301277,0.5981407924083667,0.20048545359503087,0.5523413671017827,0.39378312383014163,,Land van Cuijk,101.0,92845.0,56.35963164413808,37.12563950670472,19.23399213743336,0.0,0.2772277227722772,0.2451397490441057,0.3354966084438432,Mixed gemeente,Land van Cuijk
1982,Family w/ Kids,138,160.6235943063527,0.09043783362380307,0.5409072976049871,0.48272154047747956,0.40257666023920263,,Land van Cuijk,101.0,92845.0,56.35963164413808,37.12563950670472,19.23399213743336,0.0,0.2772277227722772,0.2451397490441057,0.3354966084438432,Mixed gemeente,Land van Cuijk
1982,Mid-life No Kids (30-54),46,43.18306351777823,0.20692361836344897,0.45157627577376,0.4423060805798167,0.37482600490196505,,Land van Cuijk,101.0,92845.0,56.35963164413808,37.12563950670472,19.23399213743336,0.0,0.2772277227722772,0.2451397490441057,0.3354966084438432,Mixed gemeente,Land van Cuijk
1982,Older Adult (55-69),134,138.88843321137392,0.37631140865124846,0.28416323515746233,0.4866226616142857,0.4458333533002523,,Land van Cuijk,101.0,92845.0,56.35963164413808,37.12563950670472,19.23399213743336,0.0,0.2772277227722772,0.2451397490441057,0.3354966084438432,Mixed gemeente,Land van Cuijk
1982,Senior (70+),91,75.58429581007807,0.3383524762395543,0.18733767601818876,0.47828375727986955,0.4804304683270708,,Land van Cuijk,101.0,92845.0,56.35963164413808,37.12563950670472,19.23399213743336,0.0,0.2772277227722772,0.2451397490441057,0.3354966084438432,Mixed gemeente,Land van Cuijk
1982,Young Adult (18-29),64,73.742151386535,0.2855480205832396,0.3950857750620145,0.5404283258357884,0.4196835341469731,,Land van Cuijk,101.0,92845.0,56.35963164413808,37.12563950670472,19.23399213743336,0.0,0.2772277227722772,0.2451397490441057,0.3354966084438432,Mixed gemeente,Land van Cuijk
1991,Child/Teen (<18),56,72.30221405026518,0.26624132895479763,0.4462746100957516,0.5122992474277737,0.2803430197974385,,Maashorst,39.0,59690.0,105.25180097168705,61.516250628245935,43.73555034344111,0.1538461538461538,0.1282051282051282,0.232115932316971,0.3594205837516127,Mixed gemeente,Maashorst
1991,Family w/ Kids,56,65.43647803047187,0.44979137185435114,0.2721847924758108,0.4493415501195831,0.38233317507523285,,Maashorst,39.0,59690.0,105.25180097168705,61.516250628245935,43.73555034344111,0.1538461538461538,0.1282051282051282,0.232115932316971,0.3594205837516127,Mixed gemeente,Maashorst
1991,Mid-life No Kids (30-54),33,27.856339164651892,0.1441425694845821,0.486635740192734,0.4357679216882192,0.33831397885904235,,Maashorst,39.0,59690.0,105.25180097168705,61.516250628245935,43.73555034344111,0.1538461538461538,0.1282051282051282,0.232115932316971,0.3594205837516127,Mixed gemeente,Maashorst
1991,Older Adult (55-69),114,128.91935139078905,0.2810779716596943,0.38967036859103243,0.4819096722023115,0.48660778828806645,,Maashorst,39.0,59690.0,105.25180097168705,61.516250628245935,43.73555034344111,0.1538461538461538,0.1282051282051282,0.232115932316971,0.3594205837516127,Mixed gemeente,Maashorst
1991,Senior (70+),46,42.27076236808869,0.27300925262513026,0.30373146653932614,0.6471708957557873,0.3087119222868513,,Maashorst,39.0,59690.0,105.25180097168705,61.516250628245935,43.73555034344111,0.1538461538461538,0.1282051282051282,0.232115932316971,0.3594205837516127,Mixed gemeente,Maashorst
1991,Young Adult (18-29),42,59.12839664587116,0.3458612819205618,0.49223910292978273,0.4440046033617005,0.47984438377472627,,Maashorst,39.0,59690.0,105.25180097168705,61.516250628245935,43.73555034344111,0.1538461538461538,0.1282051282051282,0.232115932316971,0.3594205837516127,Mixed gemeente,Maashorst
9008,Family w/ Kids,1,1.428926320973128,0.0,0.0,0.0,1.0,,,,,,,,,,,,,Alphen-Chaam + Baarle-Nassau
9008,Senior (70+),1,0.7931047307146768,1.0,0.0,0.0,1.0,,,,,,,,,,,,,Alphen-Chaam + Baarle-Nassau
