Wogem_DANS24,gemeente,n_buurten,population,pop_weighted_total_access,pop_weighted_utilitarian_access,pop_weighted_leisure_social_access,share_high_density,share_vinex_like,elderly_share,family_hh_share,dominant_type
14,Groningen,160,244420,242.3294124867032,141.1400458227641,101.18936666393913,0.34375,0.09375,0.15592013746829228,0.20969347980545713,Mixed gemeente
34,Almere,238,229540,218.27964624901978,157.72004879323865,60.55959745578113,0.35714285714285715,0.03361344537815126,0.14147860939269843,0.4305464803030461,Mixed gemeente
37,Stadskanaal,27,32050,65.07020280811233,46.33650546021841,18.733697347893916,0.037037037037037035,0.2222222222222222,0.26614664586583464,0.3136477227685118,Mixed gemeente
47,Veendam,17,27695,90.60787145694168,58.15977613287597,32.44809532406572,0.0,0.23529411764705882,0.24408738039357283,0.3280269570011427,Mixed gemeente
50,Zeewolde,11,24290,53.622272540139974,39.295800741045696,14.326471799094277,0.0,0.18181818181818182,0.1642651296829971,0.3738546280553292,Mixed gemeente
59,Achtkarspelen,24,28190,32.440227030862005,21.01578573962398,11.424441291238027,0.0,0.6666666666666666,0.22383824051081944,0.36866344685452646,VINEX-like gemeente
60,Ameland,7,3800,28.063157894736843,13.307894736842105,14.755263157894737,0.0,0.0,0.25526315789473686,0.26301891951659756,Mixed gemeente
72,Harlingen,12,16210,77.32202344231956,49.79086983343615,27.531153608883404,0.08333333333333333,0.08333333333333333,0.27513880320789635,0.30536011541471036,Mixed gemeente
74,Heerenveen,31,51850,70.08023143683702,46.76923818707811,23.31099324975892,0.0967741935483871,0.1935483870967742,0.23654773384763741,0.33409216365934374,Mixed gemeente
80,Leeuwarden,136,129970,251.38216511502654,150.59640686312227,100.78575825190428,0.36764705882352944,0.11764705882352941,0.19754558744325615,0.28436973477288957,Mixed gemeente
85,Ooststellingwerf,59,25940,76.29683885890516,42.810331534309945,33.48650732459522,0.0,0.2033898305084746,0.26407093292212797,0.31866187189862566,Mixed gemeente
86,Opsterland,50,30010,34.32339220259913,27.076307897367546,7.247084305231589,0.0,0.46,0.24275241586137955,0.35190916843131664,Mixed gemeente
88,Schiermonnikoog,2,970,33.0,15.0,18.0,0.0,0.0,0.31958762886597936,0.1468835713610139,Mixed gemeente
90,Smallingerland,61,57080,0.6539943938332166,0.413104414856342,0.24088997897687456,0.2459016393442623,0.2459016393442623,0.22591100210231255,0.34787189040756933,Mixed gemeente
93,Terschelling,16,4930,34.794117647058826,17.875253549695742,16.918864097363084,0.0,0.0,0.2484787018255578,0.22606686882544472,Mixed gemeente
96,Vlieland,2,1220,21.598360655737704,11.48360655737705,10.114754098360656,0.0,0.0,0.22131147540983606,0.17086873279885129,Mixed gemeente
98,Weststellingwerf,64,26575,66.77591721542804,49.959360301034806,16.816556914393228,0.0,0.328125,0.2605832549388523,0.3380651584807358,Mixed gemeente
106,Assen,109,70395,193.84231834647346,145.36366219191703,48.47865615455643,0.22935779816513763,0.11009174311926606,0.22054123162156403,0.3451128608600151,Mixed gemeente
109,Coevorden,68,35845,47.29474124703585,31.389036127772354,15.905705119263496,0.0,0.2647058823529412,0.26865671641791045,0.3338893140688504,Mixed gemeente
114,Emmen,83,109695,55.61994621450385,36.412416245043076,19.20752996946078,0.0,0.39759036144578314,0.24659282556178494,0.3279651309640753,Mixed gemeente
118,Hoogeveen,48,56925,103.9965744400527,72.49205094422486,31.504523495827844,0.10416666666666667,0.20833333333333334,0.23091787439613526,0.34843840520214175,Mixed gemeente
119,Meppel,46,36275,121.53301171605789,85.39889731219849,36.13411440385941,0.08695652173913043,0.15217391304347827,0.21212956581667816,0.346290171859945,Mixed gemeente
141,Almelo,71,74780,209.3101765177855,136.38265579031827,72.92752072746724,0.30985915492957744,0.08450704225352113,0.20887937951323884,0.35651538722566306,Mixed gemeente
147,Borne,15,24735,110.40408328279766,69.07984637153831,41.32423691125935,0.13333333333333333,0.2,0.23064483525368912,0.39530550230019984,Mixed gemeente
148,Dalfsen,36,30030,42.405261405261406,29.815184815184814,12.59007659007659,0.0,0.3055555555555556,0.2301032301032301,0.3892163854049026,Mixed gemeente
150,Deventer,69,104270,202.40510213867844,128.2343914836482,74.1707106550302,0.37681159420289856,0.014492753623188406,0.19555001438572936,0.33943116252309885,Mixed gemeente
153,Enschede,70,162345,209.32504850780745,126.96673750346484,82.35831100434261,0.5,0.05714285714285714,0.18633157781268286,0.2921170836108044,High-density urban gemeente
158,Haaksbergen,29,24225,104.8249742002064,76.99256965944272,27.832404540763672,0.034482758620689655,0.034482758620689655,0.2608875128998968,0.3653981906149323,Mixed gemeente
160,Hardenberg,74,63430,46.207788112880344,30.89681538704083,15.310972725839509,0.0,0.4864864864864865,0.20597509065111147,0.3951067464454176,Mixed gemeente
163,Hellendoorn,39,36190,88.97596021000277,63.96725614810721,25.00870406189555,0.0,0.28205128205128205,0.2428847747996684,0.3916128252130474,Mixed gemeente
164,Hengelo (O.),62,83665,203.56319847008905,129.04822805235165,74.5149704177374,0.2903225806451613,0.08064516129032258,0.21173728560329888,0.31775544974454084,Mixed gemeente
166,Kampen,36,56545,124.99407551507649,82.49217437439208,42.50190114068441,0.2222222222222222,0.3888888888888889,0.1834821823326554,0.40892486554330465,Mixed gemeente
168,Losser,13,23465,35.21734498188792,22.17536756871937,13.04197741316855,0.0,0.15384615384615385,0.2569784785851268,0.3567685011425068,Mixed gemeente
171,Noordoostpolder,49,50810,79.7499507970872,55.24503050580594,24.504920291281245,0.02040816326530612,0.30612244897959184,0.19139933084038574,0.35802001605416933,Mixed gemeente
173,Oldenzaal,14,32020,109.74375390381012,68.16520924422237,41.578544659587756,0.21428571428571427,0.07142857142857142,0.2531230480949407,0.34445279974243403,Mixed gemeente
175,Ommen,46,19260,58.61422637590862,43.75908618899273,14.855140186915888,0.0,0.2608695652173913,0.24376947040498442,0.35766620771910396,Mixed gemeente
177,Raalte,38,38630,61.457545948744496,45.10962982138235,16.347916127362154,0.0,0.18421052631578946,0.25110018120631633,0.3642877855801503,Mixed gemeente
180,Staphorst,24,17975,39.88817802503477,27.876773296244785,12.011404728789985,0.0,0.125,0.16356050069541028,0.4684996855496926,Mixed gemeente
183,Tubbergen,29,21495,16.751104908118165,10.43707839032333,6.314026517794836,0.0,0.2413793103448276,0.22284252151663178,0.416110466100823,Mixed gemeente
184,Urk,11,22180,77.39044183949504,51.03065825067628,26.359783588818754,0.0,0.0,0.10662759242560865,0.5728236400220091,Mixed gemeente
189,Wierden,28,25340,65.28255722178375,47.39502762430939,17.887529597474348,0.0,0.17857142857142858,0.22908445146014206,0.4037653320663111,Mixed gemeente
193,Zwolle,78,133850,202.76798655211059,131.44497571908852,71.32301083302204,0.46153846153846156,0.0641025641025641,0.1730668658946582,0.3379904770993717,Mixed gemeente
197,Aalten,29,27445,52.589178356713425,36.56203315722354,16.02714519948989,0.0,0.1724137931034483,0.24740389870650392,0.35128008462336485,Mixed gemeente
200,Apeldoorn,95,168535,199.86554721571187,126.46693565134838,73.39861156436349,0.3368421052631579,0.10526315789473684,0.22529444922419675,0.33668209240549585,Mixed gemeente
202,Arnhem,83,169355,234.25366832983968,136.87411059608516,97.37955773375454,0.6144578313253012,0.012048192771084338,0.16459508133801778,0.3031277253652947,High-density urban gemeente
203,Barneveld,47,63160,103.48353388220393,73.08027232425586,30.403261557948067,0.10638297872340426,0.0851063829787234,0.17803989867004433,0.43582214743526443,Mixed gemeente
209,Beuningen,44,26745,113.0005608524958,80.7448121144139,32.255748738081884,0.045454545454545456,0.25,0.22639745746868573,0.3718123073867342,Mixed gemeente
213,Brummen,39,21410,64.84212984586642,47.09318075665577,17.74894908921065,0.0,0.10256410256410256,0.27370387669313406,0.320314321211601,Mixed gemeente
214,Buren,39,27975,28.65093833780161,19.038427167113493,9.612511170688114,0.0,0.4358974358974359,0.22126899016979446,0.3689392777638903,Mixed gemeente
216,Culemborg,20,30295,110.93530285525664,76.97689387687737,33.95840897837927,0.2,0.15,0.20795510810364748,0.3686363296496688,Mixed gemeente
221,Doesburg,11,11110,70.33663366336634,46.71377137713771,23.622862286228624,0.0,0.09090909090909091,0.29207920792079206,0.2973037088755645,Mixed gemeente
222,Doetinchem,84,60050,155.81548709408827,109.82739383846794,45.98809325562031,0.09523809523809523,0.08333333333333333,0.2273105745212323,0.34502993406502636,Mixed gemeente
225,Druten,26,19740,49.89083080040527,32.92274569402229,16.96808510638298,0.0,0.19230769230769232,0.22087132725430597,0.3735831240869552,Mixed gemeente
226,Duiven,14,24955,96.70446804247646,66.4033259867762,30.30114205570026,0.07142857142857142,0.21428571428571427,0.22660789420957725,0.3749978234606433,Mixed gemeente
228,Ede,71,124230,143.87189084762136,95.0576752797231,48.81421556789825,0.28169014084507044,0.0,0.19628914110923287,0.36014624779936344,Mixed gemeente
230,Elburg,22,23905,59.8592344697762,39.46182806944154,20.39740640033466,0.0,0.09090909090909091,0.212298682284041,0.38790989015070715,Mixed gemeente
232,Epe,29,33475,66.09499626587005,39.228678117998506,26.866318147871546,0.0,0.06896551724137931,0.2700522778192681,0.33561108852434307,Mixed gemeente
233,Ermelo,20,28135,70.98471654522837,49.77696818908832,21.20774835614004,0.0,0.1,0.24880042651501688,0.3334596735360075,Mixed gemeente
243,Harderwijk,61,50045,220.81376760915177,153.95793785592966,66.8558297532221,0.32786885245901637,0.03278688524590164,0.19992007193525826,0.3770751896753371,Mixed gemeente
244,Hattem,10,12735,65.3097762073027,36.015704750687085,29.294071456615626,0.0,0.3,0.23125245386729484,0.3773328156979851,Mixed gemeente
246,Heerde,15,19315,42.823453274657005,24.5752006212788,18.248252653378202,0.0,0.13333333333333333,0.25498317369919754,0.3556069483239256,Mixed gemeente
252,Heumen,19,16860,70.26156583629893,40.2520759193357,30.009489916963226,0.0,0.21052631578947367,0.26453143534994067,0.3379418001134602,Mixed gemeente
262,Lochem,36,34325,43.894537509104154,28.15455207574654,15.739985433357612,0.0,0.027777777777777776,0.30313182811361983,0.3135071919371173,Mixed gemeente
263,Maasdriel,24,26275,37.32140818268316,24.31950523311132,13.001902949571836,0.0,0.5,0.21198858230256898,0.35933571602856956,VINEX-like gemeente
267,Nijkerk,33,45720,100.75699912510936,70.60837707786527,30.148622047244096,0.09090909090909091,0.18181818181818182,0.20034995625546806,0.4035758708267196,Mixed gemeente
268,Nijmegen,44,189020,183.64323881070786,103.15519521743731,80.48804359327055,0.6136363636363636,0.0,0.1693471590307904,0.2465489866448374,High-density urban gemeente
269,Oldebroek,26,24415,52.62482080688102,31.12533278722097,21.499488019660046,0.0,0.15384615384615385,0.21032152365349172,0.4081833185308321,Mixed gemeente
273,Putten,13,24940,59.88171611868484,41.123295910184446,18.7584202085004,0.0,0.15384615384615385,0.22193263833199678,0.3904579450743581,Mixed gemeente
274,Renkum,54,31485,89.35651897729078,62.69350484357631,26.663014133714466,0.0,0.0,0.29760203271399077,0.27853623180447584,Mixed gemeente
275,Rheden,23,43770,76.77747315512909,48.951222298377886,27.826250856751198,0.13043478260869565,0.043478260869565216,0.272446881425634,0.28117574593689065,Mixed gemeente
277,Rozendaal,2,1835,137.8882833787466,88.28882833787466,49.59945504087194,0.0,0.0,0.23160762942779292,0.3875345110706101,Mixed gemeente
279,Scherpenzeel,3,10540,28.05123339658444,17.686907020872866,10.364326375711576,0.0,0.3333333333333333,0.19924098671726756,0.37525007296348595,Mixed gemeente
281,Tiel,30,42585,116.83010449688858,78.07866619701772,38.75143829987085,0.2,0.16666666666666666,0.19995303510625806,0.35603218218707117,Mixed gemeente
285,Voorst,32,25570,5.409659757528353,3.3470864294094644,2.0625733281188894,0.0,0.1875,0.26104810324599137,0.3519225552185348,Mixed gemeente
289,Wageningen,33,42800,171.70665887850467,114.57780373831775,57.128855140186914,0.5454545454545454,0.0,0.16904205607476636,0.21814531254085537,High-density urban gemeente
293,Westervoort,6,15195,74.74761434682462,47.57321487331359,27.174399473511023,0.0,0.16666666666666666,0.23659098387627508,0.3536374827239417,Mixed gemeente
294,Winterswijk,17,29245,71.62711574628142,42.30671909728159,29.32039664899983,0.058823529411764705,0.058823529411764705,0.25833475807830397,0.3281797838823592,Mixed gemeente
296,Wijchen,60,41805,141.08132998445163,108.18681975840211,32.89451022604952,0.1,0.16666666666666666,0.235976557828011,0.37146241154244714,Mixed gemeente
297,Zaltbommel,27,30395,47.72544826451719,30.786478039151177,16.938970225366013,0.0,0.4074074074074074,0.1944398749794374,0.37859211712446195,Mixed gemeente
299,Zevenaar,40,45200,82.33561946902655,52.860619469026545,29.475,0.125,0.1,0.25464601769911505,0.33771537566405285,Mixed gemeente
301,Zutphen,31,49035,180.80432344243908,116.88355256449475,63.92077087794433,0.3548387096774194,0.03225806451612903,0.25308453145712245,0.31358617055739224,Mixed gemeente
302,Nunspeet,14,29380,54.101599727705924,31.01072157930565,23.09087814840027,0.0,0.07142857142857142,0.21936691626957114,0.3834955657378013,Mixed gemeente
303,Dronten,42,44845,73.31943360463819,55.75292674768647,17.566506856951722,0.0,0.14285714285714285,0.1918831530828409,0.35537930681083274,Mixed gemeente
307,Amersfoort,145,163305,355.2345917148893,223.71394017329536,131.52065154159396,0.6413793103448275,0.020689655172413793,0.16714123878632006,0.371636940666569,High-density urban gemeente
308,Baarn,21,25180,109.53673550436855,73.91640190627483,35.62033359809372,0.42857142857142855,0.047619047619047616,0.25595710881652106,0.31926288339794495,Mixed gemeente
310,De Bilt,24,43795,90.63877154926361,55.1894051832401,35.44936636602352,0.16666666666666666,0.08333333333333333,0.2482018495262016,0.348495391944521,Mixed gemeente
312,Bunnik,8,16270,42.27043638598648,19.924093423478794,22.346342962507684,0.0,0.25,0.22741241548862937,0.3670261337634658,Mixed gemeente
313,Bunschoten,10,22685,70.12893982808023,46.09521710381309,24.033722724267136,0.0,0.2,0.176989199911836,0.4240511123815728,Mixed gemeente
317,Eemnes,10,9925,79.1375314861461,54.09370277078086,25.04382871536524,0.0,0.3,0.2287153652392947,0.3764509850191596,Mixed gemeente
321,Houten,61,50965,166.11174335328167,129.24026292553714,36.87148042774453,0.3114754098360656,0.04918032786885246,0.1960168743255175,0.41309240744693243,Mixed gemeente
327,Leusden,28,31905,118.91082902366401,85.87102335057202,33.03980567309199,0.2857142857142857,0.14285714285714285,0.24212505876821816,0.36278850644648203,Mixed gemeente
331,Lopik,14,14790,21.22582826233942,15.309668695064232,5.916159567275186,0.0,0.2857142857142857,0.19438810006761326,0.4116611647070905,Mixed gemeente
335,Montfoort,12,13770,34.55882352941177,24.283587509077705,10.27523602033406,0.0,0.3333333333333333,0.2185911401597676,0.38654018607563534,Mixed gemeente
339,Renswoude,2,5780,27.0,14.0,13.0,0.0,0.5,0.1695501730103806,0.41916091913336967,VINEX-like gemeente
340,Rhenen,30,20395,77.31674430007355,56.68276538367247,20.63397891640108,0.0,0.26666666666666666,0.22873253248345182,0.3686582355595785,Mixed gemeente
342,Soest,29,48000,108.62291666666667,72.62833333333333,35.99458333333333,0.1724137931034483,0.13793103448275862,0.2378125,0.35087539769064496,Mixed gemeente
344,Utrecht,111,376770,361.34260954959257,195.2836611195159,166.0589484300767,0.8018018018018018,0.009009009009009009,0.11000079624173899,0.2941456511539253,High-density urban gemeente
345,Veenendaal,38,70340,226.84802388399203,147.72106909297696,79.12695479101507,0.5,0.02631578947368421,0.19171168609610464,0.3771467685610394,High-density urban gemeente
351,Woudenberg,12,14770,69.15030467163169,44.24678402166554,24.903520649966147,0.0,0.25,0.19194312796208532,0.41523498489307625,Mixed gemeente
352,Wijk bij Duurstede,18,23830,78.02727654217374,57.69702056231641,20.330255979857323,0.16666666666666666,0.05555555555555555,0.2433906840117499,0.35595989435623326,Mixed gemeente
353,IJsselstein,31,33340,170.35977804439113,120.50584883023396,49.85392921415717,0.5161290322580645,0.03225806451612903,0.20395920815836832,0.4010906942305405,High-density urban gemeente
355,Zeist,35,66685,150.54082627277498,99.89682837219765,50.64399790057734,0.34285714285714286,0.0,0.22006448226737646,0.32811689552240325,Mixed gemeente
356,Nieuwegein,39,66780,185.63035339922132,126.53578915843067,59.09456424079065,0.5128205128205128,0.0,0.21630727762803234,0.33428493849648455,High-density urban gemeente
358,Aalsmeer,9,33250,56.38676691729323,35.11338345864662,21.273383458646617,0.0,0.0,0.19353383458646617,0.39686742308592715,Mixed gemeente
361,Alkmaar,66,112890,195.4632828417043,128.88271768978652,66.5805651519178,0.6212121212121212,0.045454545454545456,0.21392505979271859,0.3222426749998405,High-density urban gemeente
362,Amstelveen,47,95825,237.23318549439082,145.46866684059484,91.76451865379599,0.6808510638297872,0.0851063829787234,0.1947821549699974,0.3543024127770195,High-density urban gemeente
363,Amsterdam,517,934505,791.1735250212679,377.4042460982017,413.7692789230662,0.8452611218568665,0.005802707930367505,0.1389987212481474,0.24677153438241828,High-density urban gemeente
373,Bergen (NH.),36,29750,69.17042016806722,44.525378151260504,24.645042016806723,0.0,0.027777777777777776,0.34605042016806725,0.28056549145177245,Mixed gemeente
375,Beverwijk,36,43035,296.22377134890206,205.22667596142674,90.99709538747531,0.75,0.0,0.19379574764726384,0.3654444623243706,High-density urban gemeente
376,Blaricum,9,12945,149.97528003089997,99.79258400926999,50.18269602162997,0.0,0.0,0.2406334492081885,0.39866142429809803,Mixed gemeente
377,Bloemendaal,22,23585,233.74878100487598,149.61543353826585,84.13334746661013,0.045454545454545456,0.13636363636363635,0.2781428874284503,0.36435069726614483,Mixed gemeente
383,Castricum,19,36605,86.1714246687611,52.46837863679825,33.70304603196285,0.2631578947368421,0.05263157894736842,0.2678595820243136,0.340062465154127,Mixed gemeente
384,Diemen,37,33215,303.6781574589794,192.43474333885294,111.24341412012645,0.6216216216216216,0.0,0.16046966731898238,0.3172568309545675,High-density urban gemeente
385,Edam-Volendam,29,37125,101.99703703703703,71.4840404040404,30.512996632996632,0.1724137931034483,0.10344827586206896,0.22855218855218856,0.4078942139191862,Mixed gemeente
388,Enkhuizen,19,18855,101.73693980376558,69.35640413683373,32.38053566693185,0.05263157894736842,0.05263157894736842,0.23203394325112703,0.33496848606154783,Mixed gemeente
392,Haarlem,111,168770,435.33856728091484,275.68782959056705,159.65073769034782,0.8738738738738738,0.0,0.17606802156781418,0.32786308510311485,High-density urban gemeente
394,Haarlemmermeer,97,165270,124.52976946814304,82.64721365039027,41.88255581775277,0.20618556701030927,0.09278350515463918,0.18061354147758213,0.4195112156828338,Mixed gemeente
396,Heemskerk,38,39385,262.24882569506156,193.53154754348103,68.71727815158054,0.5789473684210527,0.02631578947368421,0.24362066776691635,0.3594523949183996,High-density urban gemeente
397,Heemstede,14,27630,237.73344191096635,156.890517553384,80.84292435758233,0.5,0.0,0.28175895765472314,0.3543243972732914,High-density urban gemeente
399,Heiloo,20,24355,121.48367891603367,82.01252309587353,39.471155820160135,0.2,0.05,0.2765345924861425,0.3241881410916627,Mixed gemeente
400,Den Helder,65,56660,164.30144722908577,111.67278503353336,52.628662195552415,0.24615384615384617,0.015384615384615385,0.25052947405577125,0.29517620742699774,Mixed gemeente
402,Hilversum,43,94405,272.33838250092685,164.34839256395318,107.98998993697367,0.5813953488372093,0.0,0.1893437847571633,0.33491049979981496,High-density urban gemeente
405,Hoorn,74,76035,239.54711645952523,177.137765502729,62.40935095679621,0.43243243243243246,0.02702702702702703,0.2089169461432235,0.3653085841274558,Mixed gemeente
406,Huizen,30,41215,175.9555986897974,106.47240082494237,69.48319786485503,0.4,0.13333333333333333,0.26495208055319663,0.33527475190939743,Mixed gemeente
415,Landsmeer,10,11750,87.34468085106383,59.02936170212766,28.31531914893617,0.0,0.1,0.2353191489361702,0.39974341539188696,Mixed gemeente
417,Laren (NH.),10,11470,110.32432432432432,78.58413251961639,31.740191804707933,0.0,0.3,0.32650392327811684,0.32147244383396795,Mixed gemeente
420,Medemblik,61,45930,46.27672545177444,33.53527106466362,12.74145438711082,0.0,0.2459016393442623,0.23394295667319834,0.36222250431178715,Mixed gemeente
431,Oostzaan,4,9730,76.60894141829394,45.10174717368962,31.507194244604317,0.0,0.25,0.2250770811921891,0.39406144112888786,Mixed gemeente
432,Opmeer,46,12500,102.4724,80.936,21.5364,0.0,0.08695652173913043,0.2324,0.3454931671018674,Mixed gemeente
437,Ouder-Amstel,7,14530,157.61837577426016,89.05987611837577,68.55849965588438,0.14285714285714285,0.14285714285714285,0.22298692360633174,0.35672667467544916,Mixed gemeente
439,Purmerend,31,95915,153.6649637700047,102.82260334671324,50.84236042329145,0.6129032258064516,0.03225806451612903,0.21649377052598656,0.3656474137230173,High-density urban gemeente
441,Schagen,78,48370,63.92981186685962,46.50744262972917,17.422369237130454,0.038461538461538464,0.16666666666666666,0.2592516022327889,0.3295565975322417,Mixed gemeente
448,Texel,13,13845,31.610328638497652,13.235464066449982,18.37486457204767,0.0,0.0,0.28205128205128205,0.25365620340652967,Mixed gemeente
450,Uitgeest,6,13435,80.39039821362114,53.57722366951991,26.813174544101226,0.0,0.0,0.20729438034983252,0.40014491376320876,Mixed gemeente
451,Uithoorn,11,32125,88.95501945525292,56.29400778210117,32.66101167315175,0.18181818181818182,0.0,0.18848249027237354,0.40224965072467306,Mixed gemeente
453,Velsen,63,70010,207.68204542208255,133.00428510212828,74.67776031995429,0.4126984126984127,0.0,0.21811169832881017,0.35277129051577055,Mixed gemeente
473,Zandvoort,19,17375,91.71424460431655,59.10705035971223,32.607194244604315,0.42105263157894735,0.0,0.2759712230215827,0.2817572314665524,Mixed gemeente
479,Zaanstad,79,162825,68.32393674190081,40.94957776754184,27.374358974358973,0.5063291139240507,0.08860759493670886,0.1876861661292799,0.3737733209073395,High-density urban gemeente
482,Alblasserdam,29,20250,152.53654320987656,98.82987654320988,53.70666666666666,0.3103448275862069,0.034482758620689655,0.2069135802469136,0.39362107404606544,Mixed gemeente
484,Alphen aan den Rijn,100,115795,187.03039854916014,132.67282697871238,54.357571570447774,0.37,0.12,0.20652877930826027,0.3681851164372202,Mixed gemeente
489,Barendrecht,62,48555,193.4721449902173,154.36381423128412,39.10833075893317,0.3548387096774194,0.0,0.20100916486458656,0.4386470023823628,Mixed gemeente
498,Drechterland,27,20480,52.520751953125,39.23193359375,13.288818359375,0.0,0.2222222222222222,0.234375,0.3681277145712518,Mixed gemeente
502,Capelle aan den IJssel,79,68620,245.60944331098804,179.6385893325561,65.97085397843195,0.7974683544303798,0.0,0.22267560477994755,0.34780563021680216,High-density urban gemeente
503,Delft,91,110160,432.4069989106754,279.69008714596947,152.71691176470588,0.8351648351648352,0.0,0.16480573710965868,0.22366366999218937,High-density urban gemeente
505,Dordrecht,132,122820,322.1402865982739,213.55304510666016,108.58724149161374,0.6515151515151515,0.015151515151515152,0.20212506106497313,0.3363432881113348,High-density urban gemeente
512,Gorinchem,28,38820,138.33359093250903,100.76506955177743,37.56852138073158,0.39285714285714285,0.07142857142857142,0.19848016486347245,0.35975461153785027,Mixed gemeente
513,Gouda,54,76525,271.8002613524992,181.77752368507024,90.02273766742894,0.5925925925925926,0.018518518518518517,0.20738320810192748,0.3350553608223553,High-density urban gemeente
518,'s-Gravenhage,114,568925,431.8382036296524,241.53542206793514,190.30278156171727,0.7894736842105263,0.0,0.15438766093949113,0.30843212531360825,High-density urban gemeente
523,Hardinxveld-Giessendam,25,19110,79.3097854526426,61.1941391941392,18.1156462585034,0.0,0.2,0.18890633176347463,0.41163110869774455,Mixed gemeente
531,Hendrik-Ido-Ambacht,12,32860,211.12066342057213,142.2795191722459,68.84114424832623,0.4166666666666667,0.08333333333333333,0.17589774802191113,0.4522853871019196,Mixed gemeente
532,Stede Broec,26,22270,138.43691064211944,97.67489896722047,40.762011674898964,0.0,0.038461538461538464,0.23821284238886395,0.374458087251068,Mixed gemeente
534,Hillegom,22,22800,114.70745614035087,85.91118421052632,28.796271929824563,0.36363636363636365,0.045454545454545456,0.22083333333333333,0.3478658300661272,Mixed gemeente
537,Katwijk,42,67070,213.31534217981215,142.425451021321,70.88989115849112,0.5952380952380952,0.0,0.19643655881914418,0.4017575459543144,High-density urban gemeente
542,Krimpen aan den IJssel,6,29800,96.58775167785235,60.375671140939595,36.21208053691275,0.5,0.0,0.2464765100671141,0.374642000254224,High-density urban gemeente
546,Leiden,54,130640,412.2607547458665,244.5694657072872,167.6912890385793,0.9259259259259259,0.0,0.164076852418861,0.225694079746858,High-density urban gemeente
547,Leiderdorp,20,27730,254.5274071402813,169.54255319148936,84.98485394879192,0.6,0.0,0.23963216732780382,0.3416482827241962,High-density urban gemeente
553,Lisse,22,23575,129.69353128313892,89.68229056203606,40.011240721102865,0.36363636363636365,0.045454545454545456,0.24687168610816543,0.33695416555870117,Mixed gemeente
556,Maassluis,19,36425,141.08689087165408,83.36458476321208,57.722306108442005,0.6842105263157895,0.05263157894736842,0.22786547700754975,0.3608381708440069,High-density urban gemeente
569,Nieuwkoop,37,29530,6.496105655265831,4.684050118523535,1.812055536742296,0.0,0.2972972972972973,0.23061293599729088,0.3709620866624561,Mixed gemeente
575,Noordwijk,44,45955,128.5109346099445,77.8050266565118,50.70590795343271,0.3181818181818182,0.06818181818181818,0.23664454357523665,0.32462850820951333,Mixed gemeente
579,Oegstgeest,15,26055,233.70427940894263,161.87085012473614,71.83342928420649,0.4666666666666667,0.0,0.2158894645941278,0.37828546593635987,Mixed gemeente
589,Oudewater,18,10355,54.07774022211492,41.008691453404154,13.069048768710768,0.0,0.5,0.23080637373249638,0.3660820006556088,VINEX-like gemeente
590,Papendrecht,34,32280,151.96592317224287,114.35145600991326,37.61446716232962,0.4411764705882353,0.0,0.23234200743494424,0.36883125775022185,Mixed gemeente
597,Ridderkerk,12,48005,107.82345589001146,65.4453702739298,42.378085616081655,0.4166666666666667,0.08333333333333333,0.24466201437350277,0.3455882868853333,Mixed gemeente
599,Rotterdam,91,672935,232.23810620639438,128.6133801927378,103.6247260136566,0.6813186813186813,0.01098901098901099,0.15962165736661044,0.2945293589965837,High-density urban gemeente
603,Rijswijk (ZH.),32,60725,318.4428983120626,196.80411692054344,121.63878139151915,0.78125,0.0,0.20584602717167558,0.3306341522890746,High-density urban gemeente
606,Schiedam,70,82235,345.01903082629053,216.29154253055268,128.72748829573783,0.8285714285714286,0.0,0.1777831823432845,0.34352251007741946,High-density urban gemeente
610,Sliedrecht,33,26605,162.853786882165,110.9669235106183,51.8868633715467,0.36363636363636365,0.0,0.20578838564179666,0.3857859086796612,Mixed gemeente
613,Albrandswaard,26,26720,112.84618263473054,83.01010479041916,29.836077844311376,0.0,0.07692307692307693,0.1940494011976048,0.43862256161620466,Mixed gemeente
622,Vlaardingen,40,77260,207.19738545172146,135.6654801967383,71.53190525498317,0.75,0.0,0.20715764949521098,0.337557905673665,High-density urban gemeente
626,Voorschoten,12,25900,149.4918918918919,99.40617760617761,50.08571428571429,0.5,0.0,0.24884169884169885,0.3529356968532851,High-density urban gemeente
627,Waddinxveen,22,35020,130.59765848086806,90.13435179897202,40.46330668189606,0.36363636363636365,0.09090909090909091,0.18032552826956025,0.4241745849929004,Mixed gemeente
629,Wassenaar,21,27515,92.7768489914592,56.0196256587316,36.757223332727605,0.23809523809523808,0.14285714285714285,0.2580410685080865,0.35151549920695435,Mixed gemeente
632,Woerden,31,53975,100.32024085224641,66.42982862436313,33.89041222788328,0.16129032258064516,0.16129032258064516,0.20509495136637332,0.3777222004555597,Mixed gemeente
637,Zoetermeer,146,129880,86.76493686479827,54.26770865414228,32.49722821065599,0.7602739726027398,0.0,0.21315829996920235,0.3837378852399928,High-density urban gemeente
638,Zoeterwoude,20,10135,97.9171188949186,65.22545633941786,32.69166255550074,0.05,0.1,0.2249629995066601,0.34916632787373003,Mixed gemeente
642,Zwijndrecht,92,44675,283.5150531617236,201.78802462227196,81.7270285394516,0.5543478260869565,0.03260869565217391,0.23514269725797426,0.3518667172587969,High-density urban gemeente
654,Borsele,32,23125,20.839783783783783,13.6,7.239783783783784,0.0,0.3125,0.2283243243243243,0.3471399746222542,Mixed gemeente
664,Goes,29,40115,101.01807304000997,64.20939798080518,36.80867505920479,0.13793103448275862,0.2413793103448276,0.24703976068802194,0.3045460633927731,Mixed gemeente
668,West Maas en Waal,16,20595,25.06360767176499,14.203690216071863,10.859917455693129,0.0,0.3125,0.2337946103423161,0.34490766436388354,Mixed gemeente
677,Hulst,48,27380,48.955624543462385,33.910153396639885,15.045471146822498,0.0,0.10416666666666667,0.27428780131482833,0.28871669065826155,Mixed gemeente
678,Kapelle,6,13015,25.28659239339224,15.093737994621591,10.192854398770649,0.0,0.3333333333333333,0.23088743757203228,0.3653177702545841,Mixed gemeente
687,Middelburg (Z.),72,50155,196.03997607417008,119.35519888346127,76.6847771907088,0.2777777777777778,0.08333333333333333,0.2332768417904496,0.30776504333655863,Mixed gemeente
703,Reimerswaal,28,23325,30.467309753483388,21.784565916398712,8.682743837084674,0.0,0.35714285714285715,0.18006430868167203,0.38210971443999286,Mixed gemeente
715,Terneuzen,41,55655,57.83909801455395,38.99622675411014,18.842871260443804,0.04878048780487805,0.17073170731707318,0.26017428802443626,0.29466823738913817,Mixed gemeente
716,Tholen,17,26945,26.138430135461125,17.042679532380777,9.095750603080349,0.0,0.5294117647058824,0.20634626090183708,0.36568403202933925,VINEX-like gemeente
717,Veere,38,21930,39.14204286365709,21.922708618331054,17.21933424532604,0.0,0.23684210526315788,0.2922936616507068,0.31141023436791976,Mixed gemeente
718,Vlissingen,42,45745,156.79014099901627,109.2637446715488,47.52639632746748,0.35714285714285715,0.023809523809523808,0.252486610558531,0.2749555957547769,Mixed gemeente
736,De Ronde Venen,25,45935,53.837705453358005,33.45673233917492,20.380973114183085,0.04,0.08,0.22891041689343639,0.37777587827808795,Mixed gemeente
737,Tytsjerksteradiel,31,32815,32.42891970135609,20.23982934633552,12.18909035502057,0.0,0.45161290322580644,0.24866676824622885,0.34430303864556183,Mixed gemeente
743,Asten,28,17405,82.54294742889974,61.16403332375754,21.3789141051422,0.0,0.25,0.24102269462798045,0.35876976622036366,Mixed gemeente
744,Baarle-Nassau,10,7200,43.29236111111111,23.711111111111112,19.58125,0.0,0.3,0.2791666666666667,0.3174496141629762,Mixed gemeente
748,Bergen op Zoom,38,70185,171.51442615943577,104.00577046377431,67.50865569566146,0.42105263157894735,0.07894736842105263,0.23096103155945003,0.3269361110557106,Mixed gemeente
753,Best,19,31665,1.1411653244907627,0.8376756671403758,0.30348965735038685,0.15789473684210525,0.10526315789473684,0.20732670140533713,0.37661829530696206,Mixed gemeente
755,Boekel,8,11470,37.361813426329554,23.31691368788143,14.044899738448125,0.0,0.75,0.20619006102877072,0.39777126344340874,VINEX-like gemeente
757,Boxtel,19,34240,62.90435163551402,41.867990654205606,21.036360981308412,0.0,0.3157894736842105,0.23875584112149534,0.33571108237475084,Mixed gemeente
758,Breda,56,188800,196.06906779661017,105.99774894067797,90.0713188559322,0.4642857142857143,0.07142857142857142,0.19563029661016948,0.3049197021566998,Mixed gemeente
762,Deurne,29,33395,33.70160203623297,20.36352747417278,13.33807456206019,0.034482758620689655,0.27586206896551724,0.2404551579577781,0.3495360804914902,Mixed gemeente
765,Pekela,5,12455,21.871938980329187,13.200722601364914,8.67121637896427,0.0,0.6,0.2404656764351666,0.3312154783221946,VINEX-like gemeente
766,Dongen,17,27485,83.44406039657996,50.42987083863926,33.014189557940696,0.058823529411764705,0.11764705882352941,0.22903401855557576,0.3568013605299486,Mixed gemeente
770,Eersel,24,20400,45.20294117647059,32.84411764705882,12.358823529411765,0.0,0.041666666666666664,0.2465686274509804,0.34021119662478955,Mixed gemeente
772,Eindhoven,116,248990,279.50441784810636,160.4257801518133,119.07863769629303,0.603448275862069,0.02586206896551724,0.16384192136230372,0.2753768318346908,High-density urban gemeente
777,Etten-Leur,47,45455,171.94819051809483,118.77857221427786,53.16961830381696,0.44680851063829785,0.0851063829787234,0.22351776482235178,0.36234626551492655,Mixed gemeente
779,Geertruidenberg,11,21940,71.32862351868732,44.74726526891522,26.581358249772105,0.0,0.18181818181818182,0.23085688240656335,0.350410840554437,Mixed gemeente
784,Gilze en Rijen,26,28525,63.363540753724806,42.03575810692375,21.32778264680105,0.07692307692307693,0.15384615384615385,0.21805433829973708,0.3334928330700583,Mixed gemeente
785,Goirle,31,24470,154.69942787086228,112.68532897425419,42.01409889660809,0.06451612903225806,0.16129032258064516,0.25071516142214956,0.36759803433954,Mixed gemeente
794,Helmond,44,96530,174.02631306329639,106.05702890293173,67.96928416036465,0.29545454545454547,0.09090909090909091,0.1850719983424842,0.3669420942305678,Mixed gemeente
796,'s-Hertogenbosch,110,161535,189.8174698981645,116.81326028414895,73.00420961401554,0.3181818181818182,0.1,0.19751137524375523,0.31946188092057626,Mixed gemeente
797,Heusden,17,46365,63.67766634314677,38.805456702253856,24.872209640892915,0.058823529411764705,0.29411764705882354,0.22409144829073654,0.3597410724021832,Mixed gemeente
798,Hilvarenbeek,11,16155,25.9124110182606,13.556174558960075,12.356236459300526,0.0,0.6363636363636364,0.24945837202104612,0.34482454328737533,VINEX-like gemeente
809,Loon op Zand,32,24130,113.77476170741815,71.39888106092002,42.37588064649813,0.0625,0.15625,0.24347285536676336,0.35197123895923577,Mixed gemeente
820,"Nuenen, Gerwen en Nederwetten",10,24290,63.65561959654179,42.53581720872787,21.119802387813916,0.0,0.4,0.2731576780568135,0.3498366228289796,Mixed gemeente
823,Oirschot,15,19535,48.77757870488866,30.738674174558486,18.038904530330175,0.0,0.3333333333333333,0.25031993857179424,0.35670133696206613,Mixed gemeente
824,Oisterwijk,35,33105,64.151789759855,40.7106177314605,23.4411720283945,0.02857142857142857,0.14285714285714285,0.260081558676937,0.33112110256807437,Mixed gemeente
826,Oosterhout,44,58370,126.32302552681172,92.5228713380161,33.80015418879562,0.2727272727272727,0.09090909090909091,0.23839301010793215,0.3433600939113182,Mixed gemeente
828,Oss,106,95270,161.09751233336831,103.94599559147686,57.15151674189146,0.18867924528301888,0.19811320754716982,0.2127112417340191,0.34631067242764313,Mixed gemeente
840,Rucphen,11,24005,39.38408664861487,20.600083315975837,18.784003332639035,0.0,0.5454545454545454,0.23870027077692146,0.3606664326963481,VINEX-like gemeente
845,Sint-Michielsgestel,23,30195,46.66848816029144,30.739526411657558,15.92896174863388,0.0,0.6521739130434783,0.23381354528895512,0.3789533164185726,VINEX-like gemeente
847,Someren,34,20190,1.4623576027736502,1.1993561168895492,0.26300148588410105,0.0,0.4411764705882353,0.22684497275879148,0.3661752127499549,Mixed gemeente
848,Son en Breugel,8,18135,56.526330300523846,36.55803694513372,19.96829335539013,0.0,0.625,0.22332506203473945,0.3893274758405746,VINEX-like gemeente
851,Steenbergen,18,24565,33.24893140647262,19.640952574801545,13.607978831671076,0.0,0.3333333333333333,0.24323224099328314,0.3203252380385912,Mixed gemeente
852,Waterland,19,17565,35.110731568460004,23.18531169940222,11.925419869057786,0.0,0.15789473684210525,0.26444634215769997,0.3503999110682219,Mixed gemeente
855,Tilburg,254,230395,392.4887041819484,238.90548840035592,153.5832157815925,0.5236220472440944,0.051181102362204724,0.1762408038368888,0.30692490422752744,High-density urban gemeente
858,Valkenswaard,16,31970,101.75695964967157,65.18486080700657,36.572098842665,0.1875,0.125,0.26618705035971224,0.30641750204919976,Mixed gemeente
861,Veldhoven,17,47615,157.5653680562848,102.92397353775071,54.64139451853408,0.35294117647058826,0.11764705882352941,0.22734432426756274,0.346645812454958,Mixed gemeente
865,Vught,23,33020,89.978952150212,56.68852210781345,33.29043004239855,0.08695652173913043,0.21739130434782608,0.2337976983646275,0.36133302739262735,Mixed gemeente
866,Waalre,5,17895,73.39200894104498,39.68035764179938,33.7116512992456,0.0,0.2,0.24839340597932383,0.3567350754776553,Mixed gemeente
867,Waalwijk,23,51255,126.8167008096771,75.24065944785875,51.57604136181836,0.17391304347826086,0.08695652173913043,0.22066139888791336,0.33145411994290847,Mixed gemeente
873,Woensdrecht,16,22195,40.295336787564764,23.49020049560712,16.80513629195765,0.0,0.1875,0.2552376661410228,0.3269255886635248,Mixed gemeente
879,Zundert,11,22805,35.442227581670686,20.02477526858145,15.417452313089235,0.0,0.18181818181818182,0.246217934663451,0.3180456833129262,Mixed gemeente
880,Wormerland,14,16415,68.97928723728297,39.31982942430704,29.659457812975937,0.21428571428571427,0.21428571428571427,0.24246116356990557,0.3547323705610519,Mixed gemeente
882,Landgraaf,27,36820,158.2631721890277,98.53788701792504,59.72528517110266,0.07407407407407407,0.0,0.28259098316132536,0.29745181932605386,Mixed gemeente
888,Beek (L.),8,16240,74.65301724137932,46.91471674876847,27.738300492610836,0.0,0.125,0.28048029556650245,0.30654152064650586,Mixed gemeente
889,Beesel,8,13515,41.223085460599336,23.592304846466888,17.630780614132444,0.0,0.125,0.2597114317425083,0.3297631567946458,Mixed gemeente
893,Bergen (L.),16,13050,35.349808429118774,14.251724137931035,21.09808429118774,0.0,0.125,0.27011494252873564,0.32899310173201624,Mixed gemeente
899,Brunssum,45,27525,234.2454132606721,145.83178928247048,88.41362397820164,0.35555555555555557,0.0,0.2759309718437784,0.29557424537480687,Mixed gemeente
907,Gennep,16,17795,55.35768474290531,30.282663669570105,25.075021073335208,0.0,0.375,0.26664793481314975,0.3222840411257823,Mixed gemeente
917,Heerlen,57,87515,204.12832085928127,127.04204993429698,77.08627092498429,0.42105263157894735,0.03508771929824561,0.2481860252528138,0.2683279291951976,Mixed gemeente
928,Kerkrade,18,45500,114.75835164835165,63.83527472527472,50.92307692307692,0.4444444444444444,0.0,0.2723076923076923,0.27263949229528883,Mixed gemeente
935,Maastricht,44,125555,216.46119230616065,123.16486798614153,93.29632432001911,0.5909090909090909,0.0,0.22380630002787624,0.19326006507913382,High-density urban gemeente
938,Meerssen,14,18460,54.227248104008666,32.136511375948,22.090736728060673,0.0,0.07142857142857142,0.28927410617551463,0.30319799640798195,Mixed gemeente
944,Mook en Middelaar,5,8090,65.79171817058096,36.703337453646476,29.088380716934488,0.0,0.0,0.2954264524103832,0.30230440367179817,Mixed gemeente
946,Nederweert,15,17515,39.544390522409365,22.541535826434483,17.00285469597488,0.0,0.4,0.2577790465315444,0.3258885133749485,Mixed gemeente
957,Roermond,36,61210,146.0479496814246,86.42640091488319,59.621548766541416,0.25,0.19444444444444445,0.22684201927789577,0.316617839458274,Mixed gemeente
965,Simpelveld,9,10265,54.02240623477837,31.780321480759863,22.24208475401851,0.0,0.2222222222222222,0.29371651242084756,0.29743917330838104,Mixed gemeente
971,Stein (L.),13,24670,69.83542764491285,44.08512363194163,25.75030401297122,0.0,0.07692307692307693,0.2965139845966761,0.3062906809686764,Mixed gemeente
981,Vaals,9,9995,41.980990495247624,22.059029514757377,19.921960980490244,0.0,0.1111111111111111,0.3021510755377689,0.2077191803287196,Mixed gemeente
983,Venlo,113,103990,179.47586306375612,111.64188864313876,67.83397442061737,0.2831858407079646,0.12389380530973451,0.23468602750264447,0.3097856134010986,Mixed gemeente
984,Venray,32,44805,102.16839638433211,73.35598705501619,28.812409329315926,0.1875,0.125,0.2378082803258565,0.3276131755022988,Mixed gemeente
986,Voerendaal,16,12585,57.320222487087804,33.85578069129917,23.464441795788638,0.0,0.1875,0.289233214143822,0.32585101074900213,Mixed gemeente
988,Weert,38,51355,143.98977704215753,93.34874890468309,50.64102813747444,0.21052631578947367,0.23684210526315788,0.2480771103105832,0.3194659835539512,Mixed gemeente
994,Valkenburg aan de Geul,32,16470,73.60686095931997,41.55039465695204,32.056466302367944,0.0,0.0625,0.3193685488767456,0.2654635356149093,Mixed gemeente
995,Lelystad,136,84710,205.20823987722818,163.1149214968717,42.09331838035651,0.22794117647058823,0.10294117647058823,0.18333136583638296,0.3921839491544383,Mixed gemeente
1507,Horst aan de Maas,49,44255,57.86408315444582,37.33781493616541,20.52626821828042,0.0,0.1836734693877551,0.2417805897638685,0.32648462232051995,Mixed gemeente
1509,Oude IJsselstreek,32,39495,61.252437017343965,38.10507659197367,23.1473604253703,0.0,0.1875,0.263577668059248,0.33437477228011425,Mixed gemeente
1525,Teylingen,51,38385,150.8115149146802,108.12921714211281,42.68229777256741,0.23529411764705882,0.0,0.21792366809951805,0.37731212741598713,Mixed gemeente
1581,Utrechtse Heuvelrug,33,50945,58.26175287074296,35.906173324173125,22.35557954656983,0.0,0.12121212121212122,0.25743448817352044,0.3327066847819,Mixed gemeente
1586,Oost Gelre,41,30015,68.61719140429786,47.45643844744294,21.160752956854907,0.0,0.1951219512195122,0.25254039646843246,0.34994672366085583,Mixed gemeente
1598,Koggenland,60,23845,51.736213042566575,39.526106101908155,12.210106940658418,0.0,0.2833333333333333,0.22373663241769762,0.3877198257676521,Mixed gemeente
1621,Lansingerland,61,66055,140.1893876315192,110.37211414730149,29.817273484217697,0.19672131147540983,0.11475409836065574,0.1684202558473999,0.4828681327493981,Mixed gemeente
1640,Leudal,32,36100,36.075484764542935,20.485595567867037,15.5898891966759,0.0,0.28125,0.27313019390581716,0.31588509190537284,Mixed gemeente
1641,Maasgouw,16,24505,33.94552132217915,19.194858192205672,14.750663129973475,0.0,0.0,0.29463374821465005,0.3013035021568553,Mixed gemeente
1652,Gemert-Bakel,24,31530,49.40834126228988,31.42245480494767,17.985886457342215,0.0,0.375,0.22169362511893434,0.36674076510076864,Mixed gemeente
1655,Halderberge,20,31355,46.02407909424334,30.764152447775473,15.259926646467868,0.0,0.3,0.24637218944346995,0.3473545800385136,Mixed gemeente
1658,Heeze-Leende,33,17080,4.72980093676815,4.129976580796253,0.599824355971897,0.0,0.24242424242424243,0.2625878220140515,0.3420778678949783,Mixed gemeente
1659,Laarbeek,15,23335,41.268909363616885,25.006428112277696,16.26248125133919,0.0,0.26666666666666666,0.24641097064495393,0.3666342564332301,Mixed gemeente
1667,Reusel-De Mierden,11,13660,30.990483162518302,19.659224011713032,11.331259150805272,0.0,0.45454545454545453,0.23572474377745242,0.34482823120918166,Mixed gemeente
1669,Roerdalen,24,20845,33.43991364835692,22.32717678100264,11.11273686735428,0.0,0.041666666666666664,0.2969537059246822,0.3022939996904728,Mixed gemeente
1674,Roosendaal,55,77705,196.71018595971944,129.47204169615856,67.2381442635609,0.4,0.12727272727272726,0.23222443858181585,0.3202346066849825,Mixed gemeente
1676,Schouwen-Duiveland,51,34405,39.40851620404011,23.764714431041998,15.643801772998112,0.0,0.23529411764705882,0.29239936055805843,0.2962728138375061,Mixed gemeente
1680,Aa en Hunze,54,25930,26.032009255688394,16.758773621288082,9.273235634400308,0.0,0.24074074074074073,0.29193983802545315,0.3179537425211569,Mixed gemeente
1681,Borger-Odoorn,58,26040,35.275345622119815,23.37384792626728,11.901497695852534,0.0,0.1206896551724138,0.26804915514592936,0.31619462694759537,Mixed gemeente
1690,De Wolden,40,24680,21.95563209076175,14.964141004862237,6.991491085899514,0.0,0.225,0.2662074554294976,0.33781940538603145,Mixed gemeente
1695,Noord-Beveland,14,8045,24.05655686761964,13.581727781230578,10.474829086389061,0.0,0.07142857142857142,0.30515848353014297,0.2405748251410297,Mixed gemeente
1696,Wijdemeren,17,24655,37.383289393632126,21.057594808355304,16.32569458527682,0.0,0.17647058823529413,0.2575542486311093,0.35375401014239666,Mixed gemeente
1699,Noordenveld,35,31745,40.74405418176091,25.761537249960625,14.982516931800284,0.0,0.05714285714285714,0.2916994802331076,0.3077836987196795,Mixed gemeente
1700,Twenterand,27,34115,51.400996629048805,34.189799208559286,17.21119742048952,0.0,0.14814814814814814,0.2113439835849333,0.41535463470188816,Mixed gemeente
1701,Westerveld,45,19985,28.42581936452339,15.851638729046785,12.574180635476607,0.0,0.13333333333333333,0.31623717788341255,0.2865692351912679,Mixed gemeente
1705,Lingewaard,42,47665,85.98846113500473,58.423895940417495,27.564565194587225,0.0,0.23809523809523808,0.24179167103744886,0.3833386526284884,Mixed gemeente
1706,Cranendonck,20,21665,38.54188783752596,24.591968612970227,13.949919224555735,0.0,0.2,0.2550196168936072,0.3288919501617189,Mixed gemeente
1708,Steenwijkerland,93,45725,64.84800437397485,44.23149261891744,20.61651175505741,0.0,0.25806451612903225,0.24188080918534718,0.3391758479927904,Mixed gemeente
1709,Moerdijk,39,38255,43.04430793360345,29.215396680172528,13.828911253430924,0.0,0.1794871794871795,0.23460985492092537,0.3434840589653284,Mixed gemeente
1711,Echt-Susteren,58,32285,58.121728356822054,35.82654483506272,22.29518352175933,0.0,0.15517241379310345,0.27845748799752207,0.31538342168272715,Mixed gemeente
1714,Sluis,35,23110,20.477715274772827,10.772392903504976,9.70532237126785,0.0,0.14285714285714285,0.2996538295110342,0.2587622624592836,Mixed gemeente
1719,Drimmelen,38,28295,56.944513164870116,37.801555045060965,19.142958119809155,0.0,0.13157894736842105,0.2427990811097367,0.34260470405351706,Mixed gemeente
1721,Bernheze,53,32605,70.48780861831007,51.40269897255022,19.085109645759854,0.0,0.3584905660377358,0.23109952461278946,0.37793999989600036,Mixed gemeente
1723,Alphen-Chaam,19,10555,42.48223590715301,25.693510184746565,16.788725722406443,0.0,0.2631578947368421,0.25485551871151113,0.3523396158366264,Mixed gemeente
1724,Bergeijk,59,19235,79.1260722641019,55.365479594489216,23.760592669612684,0.0,0.2033898305084746,0.24616584351442683,0.35125908829549024,Mixed gemeente
1728,Bladel,25,21005,63.93311116400857,38.276600809331114,25.656510354677458,0.0,0.2,0.24113306355629613,0.34011968992473374,Mixed gemeente
1729,Gulpen-Wittem,29,14025,49.389661319073085,29.22210338680927,20.167557932263815,0.0,0.0,0.3176470588235294,0.27608284385498133,Mixed gemeente
1730,Tynaarlo,45,35010,41.91059697229363,28.095544130248502,13.81505284204513,0.0,0.24444444444444444,0.25906883747500714,0.3578903970621888,Mixed gemeente
1731,Midden-Drenthe,48,33990,28.706384230656074,18.475139746984407,10.231244483671668,0.0,0.3333333333333333,0.2640482494851427,0.329916851338116,Mixed gemeente
1734,Overbetuwe,90,48930,84.66053545881871,62.6928264868179,21.967708972000818,0.0,0.25555555555555554,0.21684038422235846,0.40649681318630954,Mixed gemeente
1735,Hof van Twente,48,35665,57.353287536800785,35.01037431655685,22.342913220243936,0.0,0.14583333333333334,0.26370391139772886,0.35196415794518593,Mixed gemeente
1740,Neder-Betuwe,18,25780,28.292280837858804,18.163304887509696,10.128975950349108,0.0,0.6111111111111112,0.1799844840961986,0.43091155647591056,VINEX-like gemeente
1742,Rijssen-Holten,46,38825,115.87636831938184,88.4032195750161,27.473148744365744,0.06521739130434782,0.13043478260869565,0.1998712169993561,0.4465742969721377,Mixed gemeente
1771,Geldrop-Mierlo,15,40750,80.00429447852761,53.60957055214724,26.39472392638037,0.13333333333333333,0.06666666666666667,0.23889570552147238,0.34315764438449997,Mixed gemeente
1773,Olst-Wijhe,23,19015,32.10228766763082,22.474099395214303,9.628188272416514,0.0,0.30434782608695654,0.23770707336313437,0.3530709402099909,Mixed gemeente
1774,Dinkelland,46,26705,51.45459651750608,36.686950009361546,14.767646508144542,0.0,0.30434782608695654,0.24808088372963866,0.40024311767179604,Mixed gemeente
1783,Westland,77,116945,115.68964042926162,80.20017957159348,35.489460857668135,0.2077922077922078,0.09090909090909091,0.2058660053871478,0.3797174397092284,Mixed gemeente
1842,Midden-Delfland,13,19430,197.8852290272774,134.47066392177047,63.414565105506945,0.07692307692307693,0.15384615384615385,0.2213072568193515,0.3908507168794744,Mixed gemeente
1859,Berkelland,72,43915,52.897757030627346,38.12581122623249,14.771945804394853,0.0,0.05555555555555555,0.27211658886485257,0.33583769471071123,Mixed gemeente
1876,Bronckhorst,45,36035,29.531289024559456,18.9525461357014,10.578742888858054,0.0,0.022222222222222223,0.29055085333703345,0.32595112205476456,Mixed gemeente
1883,Sittard-Geleen,37,92490,118.59644285868742,68.33144123689047,50.26500162179695,0.24324324324324326,0.02702702702702703,0.26110930911449887,0.2781794544276561,Mixed gemeente
1884,Kaag en Braassem,27,29305,47.472444975260196,29.654837058522435,17.817607916737757,0.0,0.14814814814814814,0.2231701074901894,0.3581073542204353,Mixed gemeente
1891,Dantumadiel,17,19145,34.90284669626534,24.071036824236092,10.83180987202925,0.0,0.7058823529411765,0.24079394097675633,0.365502277379719,VINEX-like gemeente
1892,Zuidplas,53,48755,97.56373705261,71.40795815813763,26.155778894472363,0.1320754716981132,0.1320754716981132,0.19198030971182442,0.4304005762225073,Mixed gemeente
1894,Peel en Maas,53,45875,23.584959128065396,15.609373297002724,7.97558583106267,0.0,0.2830188679245283,0.2471934604904632,0.33877170420711467,Mixed gemeente
1895,Oldambt,50,39595,57.72357620911731,41.24813739108473,16.47543881803258,0.02,0.18,0.2632908195479227,0.30095885100971204,Mixed gemeente
1896,Zwartewaterland,34,23510,47.274564015312635,35.17949808592088,12.095065929391748,0.0,0.23529411764705882,0.1856656741811995,0.4374167319211425,Mixed gemeente
1900,Súdwest-Fryslân,155,90600,71.59707505518764,48.95778145695364,22.639293598233994,0.05806451612903226,0.2903225806451613,0.24690949227373069,0.32732279922367535,Mixed gemeente
1901,Bodegraven-Reeuwijk,54,37205,96.15172691842494,66.59414057250369,29.557586345921248,0.12962962962962962,0.16666666666666666,0.213680956860637,0.3862520147826824,Mixed gemeente
1903,Eijsden-Margraten,34,26180,47.65985485103132,29.016042780748663,18.64381207028266,0.0,0.08823529411764706,0.2778838808250573,0.33709453586836496,Mixed gemeente
1904,Stichtse Vecht,97,66130,97.82156358687433,72.61779827612278,25.20376531075155,0.15463917525773196,0.12371134020618557,0.22599425374262816,0.375309585567216,Mixed gemeente
1911,Hollands Kroon,67,49980,31.78921568627451,22.537114845938376,9.252100840336135,0.0,0.2537313432835821,0.22589035614245698,0.34261932144422785,Mixed gemeente
1916,Leidschendam-Voorburg,43,78310,282.2123611288469,173.99572212999618,108.21663899885073,0.8837209302325582,0.023255813953488372,0.23528285021070106,0.32206070735830333,High-density urban gemeente
1924,Goeree-Overflakkee,58,52165,41.064027604715804,27.789801591105146,13.274226013610658,0.0,0.20689655172413793,0.23329818844052524,0.3413941941542358,Mixed gemeente
1926,Pijnacker-Nootdorp,32,58135,132.57865313494452,93.842865743528,38.73578739141653,0.28125,0.0625,0.16487486023909864,0.465575489854773,Mixed gemeente
1930,Nissewaard,89,88340,253.72464342313788,187.31673081276884,66.40791261036902,0.5842696629213483,0.056179775280898875,0.21841747792619426,0.37370006946832945,High-density urban gemeente
1931,Krimpenerwaard,68,57770,44.833910334083434,31.365847325601525,13.468063008481911,0.0,0.19117647058823528,0.2259823437770469,0.3656617653881295,Mixed gemeente
1940,De Fryske Marren,70,52240,42.97760336906585,29.07446401225115,13.903139356814702,0.0,0.3,0.25545558958652376,0.3398482317969645,Mixed gemeente
1942,Gooise Meren,56,61030,210.03457316074062,143.07742094052105,66.95715222021957,0.5,0.05357142857142857,0.21014255284286418,0.3746241998170587,High-density urban gemeente
1945,Berg en Dal,41,35545,73.37712758475172,42.816007877338585,30.561119707413138,0.0,0.07317073170731707,0.2686735124490083,0.31571847562977345,Mixed gemeente
1948,Meierijstad,93,84705,100.51248450504693,66.6114751195325,33.901009385514435,0.043010752688172046,0.2903225806451613,0.22843987958207898,0.3560091421804871,Mixed gemeente
1949,Waadhoeke,102,46855,44.40518621278412,34.727990609326646,9.677195603457475,0.0,0.28431372549019607,0.24266353644221533,0.33390015958309865,Mixed gemeente
1950,Westerwolde,59,27435,24.590486604702022,17.72024785857481,6.870238746127209,0.0,0.1864406779661017,0.26735921268452706,0.3165366901146895,Mixed gemeente
1952,Midden-Groningen,91,61370,80.17313019390582,55.78523708652436,24.38789310738146,0.08791208791208792,0.0989010989010989,0.2419749063060127,0.32138466847851893,Mixed gemeente
1954,Beekdaelen,29,35810,69.66559620217816,41.33077352694778,28.33482267523038,0.0,0.06896551724137931,0.2812063669366099,0.3187109294858243,Mixed gemeente
1955,Montferland,27,36975,54.826910074374574,32.9053414469236,21.92156862745098,0.0,0.14814814814814814,0.25138607167004734,0.34864743027250095,Mixed gemeente
1959,Altena,63,58745,40.02706613328794,26.592135500893693,13.434930632394247,0.0,0.36507936507936506,0.2102306579283343,0.38135493978760326,Mixed gemeente
1960,West Betuwe,66,53240,57.38570623591285,39.10020661157025,18.2854996243426,0.0,0.42424242424242425,0.20689331329827199,0.39358243898033063,Mixed gemeente
1961,Vijfheerenlanden,88,62575,90.76076707950459,69.04250898921295,21.71825809029165,0.06818181818181818,0.26136363636363635,0.20535357570914903,0.40771450782773894,Mixed gemeente
1963,Hoeksche Waard,41,90750,43.05316804407713,27.58198347107438,15.471184573002756,0.04878048780487805,0.1951219512195122,0.23917355371900825,0.35667692183023936,Mixed gemeente
1966,Het Hogeland,63,48175,35.53129216398547,23.252828230409964,12.278463933575505,0.0,0.12698412698412698,0.26165023352361183,0.31548777106316095,Mixed gemeente
1969,Westerkwartier,80,64855,37.787371829465734,26.854290339989205,10.933081489476525,0.0,0.55,0.22627399583686686,0.3816895840068911,VINEX-like gemeente
1970,Noardeast-Fryslân,97,45880,46.47853095030514,31.934721011333913,14.54380993897123,0.0,0.422680412371134,0.2304925893635571,0.3506221947625389,Mixed gemeente
1978,Molenlanden,114,45390,39.970918704560475,30.528750826173166,9.44216787838731,0.0,0.3508771929824561,0.20312844238819122,0.4164235569128306,Mixed gemeente
1979,Eemsdelta,92,44800,75.20602678571429,59.15803571428572,16.047991071428573,0.0,0.11956521739130435,0.26729910714285715,0.2983752389347072,Mixed gemeente
1980,Dijk en Waard,69,90745,138.7230701416056,98.23020552096534,40.492864620640255,0.17391304347826086,0.08695652173913043,0.2014987051628189,0.3978200833798358,Mixed gemeente
1982,Land van Cuijk,101,92845,56.35963164413808,37.12563950670472,19.233992137433358,0.0,0.27722772277227725,0.24513974904410576,0.33549660844384327,Mixed gemeente
1991,Maashorst,39,59690,105.25180097168705,61.516250628245935,43.73555034344111,0.15384615384615385,0.1282051282051282,0.23211593231697103,0.3594205837516127,Mixed gemeente
1992,Voorne aan Zee,70,74530,120.64718905138871,81.97645243526097,38.67073661612773,0.2,0.1,0.24983228230242854,0.3458788617380286,Mixed gemeente
