buurtcode,buurtnaam,gemeente,a_inw,elderly_share,bikeshed_utilitarian_amenities,bikeshed_leisure_social_amenities,elderly_amenity_priority_score
BU07726380,Eindhoven Airport,Eindhoven,5,1.0,4.0,4.0,0.9912605606221676
BU07530101,Centrum,Best,1590,0.5094339622641509,0.0,0.0,0.8037735849056604
BU16580010,Centrum,Heeze-Leende,365,0.4931506849315068,4.0,0.0,0.7917995231193604
BU16580019,Buitengebied Heeze West,Heeze-Leende,200,0.45,0.0,0.0,0.78
BU08470403,Slieven,Someren,410,0.4268292682926829,0.0,0.0,0.7707317073170732
BU16580023,Emmerik,Heeze-Leende,720,0.4375,4.0,0.0,0.7695392491467576
BU07431101,Ommel recreatie,Asten,60,0.5,21.0,6.0,0.7664130252335926
BU17060302,Industrieterrein Den Engelsman Rondven,Cranendonck,10,0.5,22.0,12.0,0.7601298047333968
BU07620101,Deurne Centrum,Deurne,1615,0.544891640866873,31.0,21.0,0.7584227224800228
BU17060301,Kamersven,Cranendonck,185,0.4054054054054054,8.0,2.0,0.7496013161933824
BU16580012,Strabrecht,Heeze-Leende,235,0.3829787234042553,4.0,0.0,0.7477307385084597
BU08470001,Someren centrum,Someren,3070,0.3680781758957654,0.0,0.0,0.7472312703583062
BU17060209,Verspreide huizen Budel-Dorplein,Cranendonck,25,0.4,17.0,9.0,0.7294147596933924
BU16580015,Oudenmolen,Heeze-Leende,1155,0.3246753246753247,4.0,0.0,0.7244093790168875
BU16590201,Industrieterrein Bavaria,Laarbeek,25,0.4,20.0,12.0,0.722860180160018
BU07530501,Villawijk,Best,250,0.34,10.0,0.0,0.7223481228668942
BU07942105,De Marke,Helmond,20,0.5,42.0,27.0,0.7205309684999721
BU16580115,Boschoven,Heeze-Leende,65,0.3076923076923077,2.0,0.0,0.7203465476503019
BU16580011,Weibossen,Heeze-Leende,970,0.3144329896907216,4.0,0.0,0.7203124450230463
BU17240610,Buitengebied Zuid 2,Bergeijk,130,0.3076923076923077,2.0,1.0,0.7195268755191544
BU16580118,Biesven,Heeze-Leende,60,0.3333333333333333,9.0,2.0,0.7194072996512431
BU07530601,Batadorp,Best,490,0.2959183673469387,0.0,0.0,0.7183673469387755
BU16580101,Villapark,Heeze-Leende,150,0.3,2.0,0.0,0.717269624573379
BU16580110,Dorpstraat,Heeze-Leende,365,0.3150684931506849,9.0,2.0,0.7121013635781837
BU08200009,Verspreide huizen ten zuidoosten van Nuenen,"Nuenen, Gerwen en Nederwetten",75,0.3333333333333333,13.0,5.0,0.7114875324045581
BU08470101,Lierop centrum,Someren,1350,0.2703703703703703,0.0,0.0,0.7081481481481482
BU07700209,Verspreide huizen Steensel,Eersel,140,0.3214285714285714,11.0,7.0,0.7078166588069794
BU16580024,Nieuwendijk,Heeze-Leende,550,0.2818181818181818,4.0,0.0,0.7072665218740304
BU16580111,Langakkers,Heeze-Leende,565,0.3008849557522124,9.0,2.0,0.7064279486187947
BU16580310,Sterksel,Heeze-Leende,915,0.2622950819672131,0.0,0.0,0.7049180327868854
BU07941909,Scheepstal,Helmond,75,0.3333333333333333,17.0,7.0,0.7043874372890208
BU16580020,Buitengebied Heeze Oost,Heeze-Leende,365,0.273972602739726,4.0,0.0,0.704128290242648
BU07700501,Knegsel-Oeyenbos,Eersel,230,0.2608695652173913,2.0,0.0,0.7016174506603354
BU16580200,Leenderstrijp,Heeze-Leende,415,0.2891566265060241,9.0,3.0,0.7009169447891718
BU07530401,De Leeuwerik,Best,1645,0.2522796352583586,0.0,0.0,0.7009118541033434
BU08470003,Loove,Someren,2605,0.2495201535508637,0.0,0.0,0.6998080614203455
BU07620600,Liessel kern,Deurne,2415,0.2484472049689441,0.0,0.0,0.6993788819875777
BU07620800,Helenaveen kern,Deurne,470,0.2446808510638297,0.0,0.0,0.6978723404255319
BU08470601,Blank Water,Someren,205,0.2439024390243902,0.0,0.0,0.697560975609756
BU07530301,Speelheide,Best,1345,0.241635687732342,0.0,0.0,0.6966542750929368
BU16580016,Nieuwe Hoeven Noord,Heeze-Leende,1245,0.2369477911646586,0.0,0.0,0.6947791164658634
BU16580017,Nieuwe Hoeven Zuid,Heeze-Leende,1280,0.25,4.0,0.0,0.6945392491467577
BU08470501,Boomen,Someren,85,0.2352941176470588,0.0,0.0,0.6941176470588235
BU08470002,Noord,Someren,2525,0.2693069306930693,9.0,2.0,0.6937967385951375
BU16580018,Kerkhof,Heeze-Leende,275,0.2545454545454545,6.0,0.0,0.6936270555383184
BU08200109,Verspreide huizen Gerwen,"Nuenen, Gerwen en Nederwetten",330,0.2727272727272727,9.0,4.0,0.6935255311465237
BU07531701,Kantonnier,Best,1330,0.2330827067669172,0.0,0.0,0.693233082706767
BU17280201,Industrieterrein Hapert,Bladel,40,0.375,32.0,16.0,0.6931992390757008
BU08470503,Lieropse Heide,Someren,65,0.2307692307692307,0.0,0.0,0.6923076923076923
BU08470604,Sluis 12 / 13,Someren,305,0.2295081967213114,0.0,0.0,0.6918032786885246
BU16580313,Peelven,Heeze-Leende,285,0.2280701754385964,0.0,0.0,0.6912280701754385
BU17060008,Verspreide huizen Berg en Toom,Cranendonck,380,0.2368421052631578,2.0,1.0,0.6911867945474945
BU17060109,Verspreide huizen in het Westen,Cranendonck,115,0.3043478260869565,17.0,9.0,0.691153890128175
BU17710114,Buitengebied Mierlo,Geldrop-Mierlo,580,0.2413793103448276,4.0,0.0,0.6910909732846888
BU16580014,Engelse Tuin,Heeze-Leende,1565,0.2268370607028754,0.0,0.0,0.6907348242811502
BU16580113,Breedvennen,Heeze-Leende,635,0.2598425196850393,9.0,2.0,0.6900109741919255
BU07700101,De Donksbergen,Eersel,250,0.28,13.0,8.0,0.6876951826777822
BU17240008,Meester Pankenstraat-Riethovensedijk,Bergeijk,365,0.5616438356164384,77.0,39.0,0.6875708672069066
BU08470504,Stipdonk,Someren,115,0.217391304347826,0.0,0.0,0.6869565217391305
BU16580312,Chijnsgoed,Heeze-Leende,115,0.217391304347826,0.0,0.0,0.6869565217391305
BU07620700,Neerkant kern,Deurne,1245,0.216867469879518,0.0,0.0,0.6867469879518072
BU07530801,Wilhelminadorp,Best,3600,0.2152777777777778,0.0,0.0,0.6861111111111111
BU07620701,Verspreide woningen bij Neerkant,Deurne,605,0.2148760330578512,0.0,0.0,0.6859504132231404
BU17240307,Walik,Bergeijk,375,0.32,26.0,8.0,0.6859477424047447
BU07530701,Salderes,Best,3400,0.2147058823529411,0.0,0.0,0.6858823529411765
BU08470703,Hugten,Someren,140,0.2142857142857142,0.0,0.0,0.6857142857142857
BU07700300,Vessem-kom,Eersel,1825,0.2712328767123287,12.0,8.0,0.6855535210760243
BU07620107,Vlier-Zuid,Deurne,855,0.3625730994152046,31.0,21.0,0.6854953058993556
BU08470603,Ravel,Someren,305,0.2131147540983606,0.0,0.0,0.6852459016393443
BU17060409,Verspreide huizen Soerendonk,Cranendonck,90,0.2777777777777778,13.0,10.0,0.6851669495265982
BU07620501,Verspreide woningen bij Vlierden,Deurne,330,0.2121212121212121,0.0,0.0,0.6848484848484848
BU16580108,Groote Heide,Heeze-Leende,85,0.2352941176470588,2.0,8.0,0.6848298945830221
BU16590300,Mariahout,Laarbeek,1110,0.2522522522522522,9.0,5.0,0.6845158508253679
BU17240302,Eviestraat-Vlasstraat e.o.,Bergeijk,405,0.3333333333333333,31.0,8.0,0.6844551371715251
BU16580013,Ginderover,Heeze-Leende,580,0.2241379310344827,4.0,0.0,0.6841944215605509
BU16590109,Verspreide huizen Heikant,Laarbeek,360,0.2222222222222222,3.0,2.0,0.6831539814866621
BU17240205,Kerkstraat e.o.,Bergeijk,175,0.3428571428571428,34.0,10.0,0.682529753578822
BU17710112,Kerkakkers,Geldrop-Mierlo,3020,0.2764900662251656,14.0,11.0,0.6824670050610951
BU16580022,De Bulders Oost,Heeze-Leende,455,0.2197802197802197,4.0,0.0,0.6824513370588456
BU17060200,Budel-Dorplein,Cranendonck,1375,0.28,17.0,9.0,0.6814147596933924
BU07531501,Buitengebied,Best,1230,0.2032520325203252,0.0,0.0,0.6813008130081302
BU08200200,Nederwetten,"Nuenen, Gerwen en Nederwetten",735,0.238095238095238,8.0,4.0,0.6810379050070204
BU16580112,Broekerstraat,Heeze-Leende,970,0.2371134020618556,9.0,2.0,0.680919327142652
BU07530901,Naastenbest,Best,4215,0.2016607354685646,0.0,0.0,0.6806642941874259
BU08470201,Someren-Eind centrum,Someren,2240,0.1986607142857142,0.0,0.0,0.6794642857142856
BU07530201,Hoge Akker,Best,1765,0.1983002832861189,0.0,0.0,0.6793201133144475
BU17240604,Buitengebied Noord 4,Bergeijk,70,0.2142857142857142,4.0,2.0,0.6786141905987483
BU17710111,Neerakkers,Geldrop-Mierlo,3795,0.2674571805006587,16.0,8.0,0.6785824917381139
BU17240101,Weebosch,Bergeijk,515,0.2427184466019417,10.0,6.0,0.6785174687207857
BU16590108,Verspreide huizen Laar en Strijp,Laarbeek,155,0.3225806451612903,27.0,17.0,0.6782377635756223
BU07620801,Verspreide woningen bij Helenaveen,Deurne,465,0.1935483870967742,0.0,0.0,0.6774193548387097
BU16520700,Milheeze,Gemert-Bakel,1415,0.2402826855123674,11.0,5.0,0.6769976487027929
BU17060400,Soerendonk,Cranendonck,1790,0.2569832402234637,13.0,10.0,0.6768491345048726
BU07700509,Verspreide huizen Knegsel,Eersel,325,0.2307692307692307,7.0,8.0,0.6761940012653379
BU08470407,Potakker,Someren,210,0.1904761904761904,0.0,0.0,0.6761904761904762
BU17240007,Hof,Bergeijk,225,0.4888888888888889,69.0,31.0,0.6759477672715518
BU16590102,Bedrijventerrein Duivenakker,Laarbeek,15,0.3333333333333333,32.0,17.0,0.6757129002778867
BU08580200,Borkel en Schaft,Valkenswaard,1165,0.2188841201716738,6.0,5.0,0.6752641611330684
BU07725450,Esp,Eindhoven,20,0.5,69.0,38.0,0.6746545067979635
BU17060300,Maarheeze,Cranendonck,4630,0.2667386609071274,17.0,11.0,0.6744708797939483
BU16670300,Hulsel,Reusel-De Mierden,650,0.2461538461538461,16.0,4.0,0.673339846523979
BU08470605,Diepenhoek,Someren,110,0.1818181818181818,0.0,0.0,0.6727272727272728
BU08470405,'t Ven,Someren,220,0.1818181818181818,0.0,0.0,0.6727272727272728
BU08470505,Lungendonk,Someren,160,0.1875,2.0,0.0,0.6722696245733789
BU17280008,Bladel Zuid,Bladel,1120,0.375,41.0,27.0,0.6718961562132827
BU08230200,Middelbeers,Oirschot,2790,0.2724014336917563,21.0,11.0,0.6712752380545575
BU16590209,Verspreide huizen Lieshout,Laarbeek,705,0.2695035460992908,20.0,12.0,0.6706615985997342
BU17240607,Buitengebied Noord-West 2,Bergeijk,470,0.2340425531914893,13.0,7.0,0.6701318760855255
BU08470506,Gebergte,Someren,115,0.1739130434782608,0.0,0.0,0.6695652173913044
BU16520600,Bakel,Gemert-Bakel,4250,0.2729411764705882,22.0,12.0,0.669306275321632
BU07620105,Stationsbuurt,Deurne,1010,0.3217821782178218,31.0,21.0,0.6691789374204025
BU16590309,Verspreide huizen Mariahout,Laarbeek,935,0.213903743315508,9.0,5.0,0.6691764472506703
BU17060500,Gastel,Cranendonck,755,0.2582781456953642,19.0,10.0,0.6691759704137693
BU07620300,Koolhof-Noord,Deurne,855,0.3216374269005848,31.0,21.0,0.6691210368935077
BU08230208,Verspreide huizen Westelbeers,Oirschot,375,0.1866666666666666,3.0,2.0,0.6689317592644398
BU07620102,Heilige Geest,Deurne,950,0.3210526315789473,31.0,21.0,0.6688871187648526
BU07620601,Verspreide woningen bij Liessel,Deurne,990,0.1717171717171717,0.0,0.0,0.6686868686868688
BU16670100,Hooge Mierde,Reusel-De Mierden,1495,0.2408026755852843,16.0,8.0,0.6679206897719642
BU07430201,Kleine Heitrak,Asten,170,0.1764705882352941,2.0,0.0,0.6678578598674965
BU08230003,Industrieterrein De Stad,Oirschot,275,0.3636363636363636,42.0,25.0,0.6676248582168125
BU17710110,Mierlo-Dorp,Geldrop-Mierlo,2250,0.2844444444444444,23.0,18.0,0.6676243620109787
BU08470301,Someren-Heide centrum,Someren,740,0.1689189189189189,0.0,0.0,0.6675675675675676
BU07700409,Verspreide huizen Wintelre,Eersel,715,0.2167832167832167,10.0,7.0,0.6673237046621482
BU16580001,De Poortmannen,Heeze-Leende,55,0.1818181818181818,4.0,0.0,0.6672665218740303
BU16520800,De Rips,Gemert-Bakel,860,0.2034883720930232,8.0,4.0,0.6671951586061344
BU07531401,Heivelden,Best,3795,0.1884057971014492,5.0,2.0,0.6668970360117318
BU08230109,Verspreide huizen Spoordonk,Oirschot,1690,0.2100591715976331,9.0,6.0,0.6668189464323728
BU16580311,Kloostervelden,Heeze-Leende,600,0.1666666666666666,0.0,0.0,0.6666666666666667
BU08470004,Waterdael I + II,Someren,1230,0.1666666666666666,0.0,0.0,0.6666666666666667
BU17240208,Molenstraat e.o.,Bergeijk,215,0.3023255813953488,34.0,10.0,0.6663171289941043
BU08200209,Verspreide huizen Nederwetten,"Nuenen, Gerwen en Nederwetten",150,0.2,8.0,4.0,0.6657998097689253
BU16590200,Lieshout,Laarbeek,3605,0.2552011095700416,20.0,12.0,0.6649406239880346
BU07700400,Wintelre-kom,Eersel,1495,0.2107023411371237,10.0,7.0,0.6648913544037109
BU07430202,Voordeldonk,Asten,390,0.1923076923076923,8.0,2.0,0.6643622309542973
BU16670200,Lage Mierde,Reusel-De Mierden,1460,0.25,19.0,12.0,0.6642253678733285
BU17280300,Hoogeloon,Bladel,1920,0.2369791666666666,14.0,14.0,0.664203628844253
BU07700500,Knegsel-kom,Eersel,905,0.2154696132596685,9.0,12.0,0.6640650903103017
BU08470404,De Hoof,Someren,250,0.16,0.0,0.0,0.664
BU16580117,Oosterik,Heeze-Leende,925,0.1945945945945946,9.0,2.0,0.6639118041557476
BU07620106,Vlier-Noord,Deurne,440,0.3068181818181818,31.0,21.0,0.6631933388605464
BU07620500,Vlierden kern,Deurne,1175,0.1829787234042553,5.0,4.0,0.663086862270559
BU08470401,Half Elfje,Someren,130,0.1923076923076923,9.0,2.0,0.6629970432409866
BU16670000,Reusel,Reusel-De Mierden,7145,0.2547235829251225,21.0,13.0,0.6625647534856088
BU16590001,Donk,Laarbeek,3610,0.2880886426592798,27.0,20.0,0.6619819461813754
BU17240608,Buitengebied Zuid-West,Bergeijk,350,0.1714285714285714,2.0,5.0,0.6617426924890697
BU07620401,Sint Jozefparochie-West,Deurne,1425,0.2456140350877192,19.0,13.0,0.6616513097772687
BU16670209,Verspreide huizen Lage Mierde,Reusel-De Mierden,425,0.2,11.0,5.0,0.660884574497846
BU08470701,Verspreide huizen Someren-Heide,Someren,760,0.1513157894736842,0.0,0.0,0.6605263157894737
BU16520809,Verspreide huizen Rips,Gemert-Bakel,295,0.1864406779661017,8.0,4.0,0.6603760809553658
BU17280000,Bladel Centrum,Bladel,1090,0.3440366972477064,41.0,27.0,0.6595108351123653
BU08470502,Vaarsche Hoef,Someren,135,0.1481481481481481,0.0,0.0,0.6592592592592592
BU16670002,De Voort en Achterste Heikant,Reusel-De Mierden,325,0.2461538461538461,21.0,13.0,0.6591368587770983
BU07700309,Verspreide huizen Vessem,Eersel,390,0.2051282051282051,12.0,8.0,0.6591116524423748
BU07620108,Walsberg,Deurne,1005,0.2437810945273631,21.0,12.0,0.6590074302576526
BU07700109,Verspreide huizen Duizel,Eersel,210,0.1904761904761904,9.0,6.0,0.6589857539837958
BU16520409,Verspreide huizen Mortelse Peel,Gemert-Bakel,475,0.1894736842105263,9.0,6.0,0.65858475147753
BU07700200,Steensel,Eersel,1370,0.2153284671532846,16.0,7.0,0.6585506785303118
BU17240601,Buitengebied Noord 1,Bergeijk,225,0.2444444444444444,24.0,8.0,0.6584558956091435
BU17280301,Hoogcasteren en omgeving,Bladel,260,0.1923076923076923,9.0,8.0,0.6580790104541014
BU08480000,Son,Son en Breugel,5400,0.3425925925925926,43.0,25.0,0.6578421620859936
BU17060308,Verspreide huizen Hugten,Cranendonck,200,0.175,8.0,2.0,0.6574391540312203
BU08200000,Nuenen-Noord,"Nuenen, Gerwen en Nederwetten",5770,0.3440207972270364,45.0,23.0,0.6573224127754451
BU16520400,De Mortel,Gemert-Bakel,885,0.2203389830508474,18.0,8.0,0.6570048373315682
BU17240606,Buitengebied Noord-West 1,Bergeijk,135,0.2962962962962963,38.0,12.0,0.6568053198389461
BU07531301,Heuveleind,Best,3320,0.1415662650602409,0.0,0.0,0.6566265060240963
BU16580116,Renhoek,Heeze-Leende,135,0.1851851851851851,11.0,3.0,0.656597992834215
BU08610208,Verspreide huizen Groote Aard en Vliet,Veldhoven,270,0.2037037037037037,13.0,9.0,0.6563569920281161
BU07700000,Eersel-kom en Lindeakkers,Eersel,3120,0.3429487179487179,50.0,16.0,0.6558053474155975
BU16520000,Gemert-Centrum,Gemert-Bakel,4455,0.3209876543209876,40.0,22.0,0.6557547663107259
BU17240406,Hoeverstraat e.o.,Bergeijk,115,0.3043478260869565,40.0,14.0,0.6556562120662938
BU17240204,Hasselsestraat e.o.,Bergeijk,445,0.3033707865168539,41.0,12.0,0.6555395527872373
BU07726310,BeA2,Eindhoven,25,0.2,15.0,5.0,0.6554238236446037
BU17280007,Bladel Veilig Oord,Bladel,390,0.3333333333333333,41.0,27.0,0.655229489546616
BU16670109,Verspreide huizen Hooge Mierde,Reusel-De Mierden,480,0.2083333333333333,16.0,8.0,0.6549329528711837
BU08230300,Oostelbeers,Oirschot,1220,0.2295081967213114,21.0,11.0,0.6541179432663795
BU17240409,Industrieterrein 'Leemskuilen',Bergeijk,50,0.3,40.0,14.0,0.6539170816315112
BU16520608,Verspreide huizen Grotelse Heide en Esp,Gemert-Bakel,1080,0.1527777777777778,3.0,4.0,0.6537368594465892
BU16590100,Aarle-Rixtel,Laarbeek,5315,0.277516462841016,32.0,17.0,0.6533861520809597
BU07430603,Centrum,Asten,915,0.448087431693989,76.0,27.0,0.6533495589250079
BU16670309,Verspreide huizen Hulsel,Reusel-De Mierden,235,0.2127659574468085,18.0,9.0,0.6531559549588052
BU08230209,Verspreide huizen Middelbeers,Oirschot,645,0.2248062015503876,21.0,11.0,0.65223714519801
BU07700001,Molenakkers,Eersel,1085,0.3133640552995391,46.0,13.0,0.6518912496026109
BU08480109,Verspreide huizen Breugel,Son en Breugel,190,0.1842105263157894,14.0,5.0,0.65047322188423
BU16520500,Elsendorp,Gemert-Bakel,610,0.180327868852459,12.0,7.0,0.6500111900632239
BU08470202,'t Vaartje,Someren,40,0.125,0.0,0.0,0.65
BU08470406,Hoeven,Someren,160,0.125,0.0,0.0,0.65
BU07620400,Sint Jozefparochie-Oost,Deurne,1745,0.2292263610315186,21.0,16.0,0.6499068483347246
BU16520708,Verspreide huizen Groote Peel,Gemert-Bakel,290,0.1724137931034483,11.0,5.0,0.6498500917392253
BU16520300,Handel,Gemert-Bakel,1395,0.2473118279569892,24.0,20.0,0.649766783440391
BU17060100,Budel-Schoot,Cranendonck,1930,0.2642487046632124,30.0,19.0,0.6491700799741643
BU08230000,Oirschot-Centrum,Oirschot,4470,0.3165548098434004,42.0,25.0,0.6487922366996273
BU07620104,Provinciebuurt,Deurne,905,0.2707182320441988,31.0,21.0,0.6487533589509532
BU17060000,Budel,Cranendonck,7915,0.277321541377132,35.0,18.0,0.6483929482243268
BU07430802,Verspreide huizen Heusden,Asten,965,0.1658031088082901,9.0,7.0,0.6482968491854881
BU08230005,Straten met Moleneind,Oirschot,240,0.25,29.0,15.0,0.64811447434678
BU07620301,Koolhof-Zuid,Deurne,3220,0.2406832298136646,26.0,16.0,0.6476636572810301
BU08200001,Nuenen-Zuid,"Nuenen, Gerwen en Nederwetten",7090,0.306064880112835,42.0,22.0,0.6470552812008438
BU17060002,Keunenhoek Broekkant Schoordijk,Cranendonck,395,0.2151898734177215,21.0,13.0,0.6467512696826484
BU16670001,Voorste Heikant en Weijereind,Reusel-De Mierden,430,0.2209302325581395,23.0,13.0,0.6463170379121944
BU07531001,'t Zand,Best,130,0.1153846153846153,0.0,0.0,0.6461538461538461
BU07700008,De Hees en Genderweg,Eersel,150,0.2666666666666666,36.0,14.0,0.6460444991514201
BU16520509,Verspreide huizen Elsendorp,Gemert-Bakel,530,0.1698113207547169,12.0,7.0,0.6458045708241271
BU17060001,"Heikant, Meemortel, Bosch",Cranendonck,410,0.2195121951219512,23.0,13.0,0.6457498229377191
BU17060101,Klein-Schoot,Cranendonck,115,0.2608695652173913,32.0,19.0,0.6450880487692148
BU07620110,Zeilberg,Deurne,1775,0.2338028169014084,26.0,16.0,0.6449114921161276
BU17280200,Hapert Centrum,Bladel,815,0.3067484662576687,41.0,27.0,0.6445955427163501
BU08470602,Vlas,Someren,180,0.1111111111111111,0.0,0.0,0.6444444444444445
BU17240602,Buitengebied Noord 2,Bergeijk,145,0.2758620689655172,42.0,11.0,0.6439905501845395
BU17240303,Willibrordusstraat e.o.,Bergeijk,185,0.3243243243243243,52.0,19.0,0.6431661981457764
BU07431002,Verspreide huizen Ommel,Asten,365,0.1917808219178082,21.0,6.0,0.6431253540007159
BU08230309,Verspreide huizen Oostelbeers,Oirschot,670,0.2014925373134328,21.0,11.0,0.642911679503228
BU17280409,Verspreide huizen Casteren,Bladel,65,0.1538461538461538,9.0,8.0,0.642694395069486
BU08480100,Breugel,Son en Breugel,1150,0.2521739130434782,31.0,20.0,0.6421553034818125
BU17240603,Buitengebied Noord 3,Bergeijk,300,0.2166666666666666,28.0,8.0,0.6418840336447902
BU07531601,Dijkstraten,Best,1865,0.1045576407506702,0.0,0.0,0.641823056300268
BU08200100,Gerwen,"Nuenen, Gerwen en Nederwetten",1920,0.25,32.0,18.0,0.6415598948134058
BU17240210,Boscheind,Bergeijk,125,0.24,34.0,10.0,0.6413868964359648
BU08230004,Snepseind en Bijsterveld,Oirschot,500,0.29,40.0,25.0,0.6409006881888882
BU07725460,Bokt,Eindhoven,125,0.16,13.0,7.0,0.6405148548089297
BU16670009,Buitengebied ten zuiden van Reusel,Reusel-De Mierden,220,0.1136363636363636,4.0,0.0,0.6399937946013032
BU17280202,Hapert Oost,Bladel,1820,0.228021978021978,28.0,16.0,0.6398687811377344
BU08200003,Eeneind,"Nuenen, Gerwen en Nederwetten",710,0.2816901408450704,44.0,17.0,0.6386733707228545
BU16580209,Paaldijk,Heeze-Leende,75,0.1333333333333333,9.0,3.0,0.6385876275200956
BU17060309,Verspreide huizen Maarheeze,Cranendonck,130,0.2307692307692307,28.0,19.0,0.6385086658431929
BU16520101,Gemert-Noord,Gemert-Bakel,3915,0.2771392081736909,40.0,22.0,0.6382153878518073
BU17280400,Casteren,Bladel,1085,0.2119815668202765,21.0,22.0,0.6380908978633426
BU08470006,Groote Hoeven,Someren,375,0.0933333333333333,0.0,0.0,0.6373333333333333
BU08660003,Ekenrooi,Waalre,3830,0.2467362924281984,31.0,24.0,0.6367015667111104
BU16520209,Verspreide huizen Rooije Hoef,Gemert-Bakel,245,0.1632653061224489,15.0,12.0,0.6349922411755504
BU16590000,Beek,Laarbeek,5760,0.2196180555555555,27.0,20.0,0.6345937113398857
BU08470102,Gilde,Someren,295,0.0847457627118644,0.0,0.0,0.6338983050847458
BU08230100,Spoordonk,Oirschot,760,0.131578947368421,11.0,6.0,0.6326964813140667
BU07700009,Verspreide huizen Eersel,Eersel,390,0.2051282051282051,30.0,11.0,0.6320792572093417
BU16580119,Zevenhuizen,Heeze-Leende,325,0.1076923076923077,7.0,2.0,0.6318812648214539
BU17240202,Prins van Luikstraat e.o.,Bergeijk,430,0.2441860465116279,41.0,12.0,0.631865656785147
BU07430801,Heusden centrum,Asten,1645,0.2370820668693009,36.0,17.0,0.6317516428390313
BU16520309,Verspreide huizen Heereveld,Gemert-Bakel,270,0.1851851851851851,21.0,17.0,0.6314707058650437
BU17240404,Heuvel,Bergeijk,65,0.3076923076923077,57.0,19.0,0.6296874529264168
BU17280100,Netersel,Bladel,975,0.1692307692307692,19.0,15.0,0.6294586591721936
BU07620109,Verspreide woningen bij Deurne,Deurne,2615,0.1950286806883365,26.0,16.0,0.629401837630899
BU08660000,Waalre,Waalre,6780,0.2441002949852507,32.0,30.0,0.6293639472337356
BU16520609,Verspreide huizen ten zuidwesten van Bakel,Gemert-Bakel,705,0.1347517730496454,14.0,7.0,0.6290503763154773
BU17240306,De Hasselt e.o.,Bergeijk,380,0.2368421052631578,42.0,11.0,0.6283825647035959
BU17240207,Kapellerweg-Rijt,Bergeijk,175,0.2285714285714285,39.0,12.0,0.6283501850356883
BU07620113,Bedrijventerrein Leemskuilen,Deurne,160,0.21875,31.0,21.0,0.6279660661332738
BU07531901,Aarlesche Erven,Best,1010,0.0891089108910891,5.0,2.0,0.6271782815275877
BU08580000,Centrum,Valkenswaard,3800,0.425,78.0,45.0,0.6266301124601354
BU07726260,Wielewaal,Eindhoven,105,0.1428571428571428,17.0,9.0,0.6265576168362494
BU16590101,Bedrijventerrein Torenakker,Laarbeek,55,0.1818181818181818,24.0,17.0,0.6260283413783106
BU16520709,Verspreide huizen Milheeze,Gemert-Bakel,580,0.1637931034482758,22.0,12.0,0.625647046112707
BU08230002,De Notel,Oirschot,3750,0.2573333333333333,42.0,25.0,0.6251036460956004
BU07531101,Breeven,Best,80,0.0625,0.0,0.0,0.625
BU07942104,Kranenbroek,Helmond,115,0.2608695652173913,42.0,27.0,0.6248787945869285
BU17280209,Verspreide huizen Hapert,Bladel,435,0.1954022988505747,30.0,16.0,0.6240905340425519
BU07941404,Brouwhorst,Helmond,250,0.44,82.0,49.0,0.623890673082303
BU07620200,Heiakker-Oost,Deurne,2185,0.1556064073226544,21.0,12.0,0.6237375553757691
BU17240403,Aarperstraat-Lange Akkers,Bergeijk,275,0.2909090909090909,57.0,19.0,0.6229741662131301
BU07726280,Mispelhoef,Eindhoven,25,0.2,34.0,13.0,0.6229278800425223
BU17280109,Verspreide huizen Netersel,Bladel,110,0.1363636363636363,15.0,14.0,0.6225922290097303
BU17240301,Dorpsplein e.o.,Bergeijk,55,0.2727272727272727,52.0,19.0,0.6225273775069556
BU07700100,Duizel,Eersel,1580,0.240506329113924,45.0,15.0,0.6224740025793803
BU07700006,Molenveld en Schadewijk,Eersel,150,0.2333333333333333,44.0,14.0,0.6217896641116023
BU08480001,De Gentiaan,Son en Breugel,4365,0.2038946162657502,34.0,17.0,0.6212070380242323
BU17240609,Buitengebied Zuid 1,Bergeijk,475,0.1894736842105263,34.0,10.0,0.6211763701201753
BU08470402,Ambachten,Someren,95,0.0526315789473684,0.0,0.0,0.6210526315789474
BU17280309,Verspreide huizen Hoogeloon,Bladel,145,0.1379310344827586,16.0,15.0,0.621034328412921
BU07726320,Meerbos,Eindhoven,45,0.3333333333333333,62.0,34.0,0.620822842649061
BU07700007,Stokkelen en Hoogstraat,Eersel,400,0.2125,40.0,12.0,0.6205564258938063
BU07430601,Ostade,Asten,1310,0.3358778625954198,70.0,23.0,0.619935546090034
BU08580105,Keersopperbeemden,Valkenswaard,1090,0.2477064220183486,49.0,15.0,0.6198932888879078
BU07531801,Steegsche Velden,Best,605,0.0495867768595041,0.0,0.0,0.6198347107438017
BU17280204,Hapert Zuid-West,Bladel,1800,0.2444444444444444,41.0,27.0,0.6196739339910604
BU08470005,Waterdael III,Someren,1500,0.0466666666666666,0.0,0.0,0.6186666666666667
BU07620103,Houtenhoek,Deurne,1130,0.1946902654867256,31.0,21.0,0.618342172327964
BU07430602,Centrum west,Asten,1070,0.3317757009345794,70.0,23.0,0.6182946814256978
BU07620201,Heiakker-West,Deurne,2270,0.1938325991189427,31.0,21.0,0.6179991057808507
BU17240203,Dorpstraat-Sengelsbroeksestraat,Bergeijk,200,0.2,39.0,12.0,0.616921613607117
BU17710000,Centrum,Geldrop-Mierlo,2845,0.3321616871704745,67.0,31.0,0.6159872620108072
BU08230001,Oirschot Noordoost,Oirschot,220,0.2272727272727272,40.0,25.0,0.6158097790979791
BU07700004,Kortkruis,Eersel,760,0.2236842105263158,45.0,16.0,0.6149254830131896
BU08200002,Nuenen-Oost,"Nuenen, Gerwen en Nederwetten",6065,0.2283594394064303,43.0,22.0,0.6146079172049713
BU16520408,Verspreide huizen Milschot-Tereyken,Gemert-Bakel,310,0.1129032258064516,18.0,8.0,0.61403053443381
BU07700002,Eersel-Zuid,Eersel,1870,0.2272727272727272,47.0,16.0,0.613630514285133
BU17280003,Bladel Wilhelminalaan,Bladel,2445,0.2290388548057259,41.0,27.0,0.613511698135573
BU17240003,Jeruzalem,Bergeijk,1115,0.3318385650224215,69.0,31.0,0.6131276377249648
BU08580003,Turfberg-Zuid,Valkenswaard,2100,0.2976190476190476,53.0,41.0,0.6130861128651092
BU08480101,'t Eigen en Hoogstraat,Son en Breugel,3480,0.1853448275862069,35.0,17.0,0.6124219348391043
BU16520008,Verspreide huizen Broekkant,Gemert-Bakel,380,0.2105263157894736,40.0,21.0,0.6123899030292679
BU07430502,Centrum zuid,Asten,1885,0.3448275862068966,76.0,27.0,0.612045620730171
BU17240013,Hagelkruis e.o.,Bergeijk,1060,0.3254716981132075,69.0,31.0,0.6105808909612792
BU08610201,Zandoerle,Veldhoven,115,0.217391304347826,41.0,25.0,0.6104920222147081
BU08230009,Verspreide huizen Noord en De Mortelen,Oirschot,610,0.1967213114754098,37.0,23.0,0.6093241201812791
BU08660001,Aalst,Waalre,3850,0.2688311688311688,47.0,42.0,0.6089424154986736
BU07722399,Riel,Eindhoven,110,0.3181818181818182,63.0,40.0,0.6084790160882592
BU17710113,Luchen,Geldrop-Mierlo,1710,0.1169590643274853,22.0,11.0,0.6077331025955384
BU17240206,Dorpstraat,Bergeijk,195,0.1538461538461538,34.0,10.0,0.6069253579744265
BU17240402,Dorpsstraat e.o.,Bergeijk,200,0.275,57.0,31.0,0.6067744642757232
BU07620100,De Vennen,Deurne,1480,0.1081081081081081,19.0,13.0,0.6066489389854243
BU16590002,Bedrijventerrein Beekerheide,Laarbeek,155,0.2258064516129032,45.0,28.0,0.6059383138740541
BU16520308,Verspreide huizen Verreheide,Gemert-Bakel,215,0.1162790697674418,20.0,17.0,0.6052734474112569
BU16580021,De Bulders West,Heeze-Leende,380,0.0263157894736842,4.0,0.0,0.6050655649362313
BU07941709,Geeneind,Helmond,370,0.2027027027027027,41.0,25.0,0.6046165815566589
BU17240011,Eerselsedijk-Woonbos e.o.,Bergeijk,380,0.3026315789473684,67.0,31.0,0.6041752187215648
BU17280005,Bladel Heeleind,Bladel,1720,0.2848837209302325,60.0,38.0,0.6008946845898517
BU07700010,Kerkebogten,Eersel,1240,0.2056451612903226,50.0,16.0,0.6008839247522394
BU08660009,Verspreide huizen,Waalre,555,0.1711711711711711,32.0,30.0,0.6001922977081037
BU08470704,Boksenberg,Someren,0,,0.0,0.0,0.6000000000000001
BU08470203,Goede Vaart,Someren,60,0.0,0.0,0.0,0.6000000000000001
BU08470702,Somerense Heide,Someren,5,0.0,0.0,0.0,0.6000000000000001
BU07531201,Heide,Best,0,,0.0,0.0,0.6000000000000001
BU17240002,Kleine Broekstraat,Bergeijk,145,0.3103448275862069,71.0,34.0,0.5993407509304152
BU16590009,Verspreide huizen Beek en Donk,Laarbeek,1265,0.1304347826086956,27.0,20.0,0.5989204021611417
BU17280203,Hapert Noord,Bladel,865,0.1907514450867052,41.0,27.0,0.5981967342479648
BU07700003,De Dijken,Eersel,1710,0.1812865497076023,45.0,16.0,0.5979664186857041
BU08480003,'t Zand,Son en Breugel,1120,0.1919642857142857,43.0,25.0,0.5975908393346708
BU17280207,Hapert Het Vennenbos,Bladel,0,,2.0,0.0,0.5972696245733788
BU07430901,De Groote Peel,Asten,0,,2.0,0.0,0.5972696245733788
BU08580102,Schepelweijen,Valkenswaard,2395,0.2442588726513569,59.0,25.0,0.59666567069653
BU17060201,Industrieterrein Dorplein,Cranendonck,0,,2.0,1.0,0.5964499524422313
BU08610009,Verspreide huizen ten zuiden van de E3-weg,Veldhoven,600,0.1166666666666666,26.0,18.0,0.5964176877599359
BU17240407,Steenovens,Bergeijk,230,0.217391304347826,55.0,19.0,0.5962974270152452
BU07620112,Bedrijventerrein Kranenmortel,Deurne,45,0.1111111111111111,26.0,16.0,0.5958348098000088
BU17240408,Aan de Heerstraat e.o.,Bergeijk,315,0.2222222222222222,57.0,19.0,0.5954994187383826
BU07700102,Bedrijventerrein Duizel,Eersel,25,0.2,50.0,20.0,0.5953471717115202
BU08580009,Turfbergse Heide & Nederheide,Valkenswaard,355,0.2253521126760563,48.0,36.0,0.5951036381102033
BU07430402,Nieuwe Bloemenbuurt,Asten,515,0.3009708737864077,76.0,27.0,0.5945029357619753
BU07722390,Leenderheide,Eindhoven,0,,5.0,0.0,0.5931740614334471
BU17240405,Beukenlaan e.o.,Bergeijk,330,0.2121212121212121,57.0,19.0,0.5914590146979786
BU17240401,Heijerstraat-Loveren,Bergeijk,355,0.2112676056338028,54.0,24.0,0.5911147745872088
BU07700005,Bedrijventerrein Eersel,Eersel,65,0.1538461538461538,44.0,13.0,0.590814464447878
BU07430503,De Bergen,Asten,455,0.2747252747252747,72.0,26.0,0.5902851191219121
BU17240012,Van den Valgaetstraat e.o.,Bergeijk,365,0.273972602739726,69.0,31.0,0.5899812528118866
BU07725210,Kerkdorp Acht,Eindhoven,3510,0.2777777777777778,69.0,33.0,0.5898639785648123
BU16670008,Buitengebied ten noorden van Reusel,Reusel-De Mierden,795,0.10062893081761,28.0,15.0,0.5897312343871347
BU08580004,Hoge Akkers,Valkenswaard,3280,0.2911585365853658,66.0,45.0,0.5894757796540087
BU17240006,Kept e.o.,Bergeijk,865,0.2890173410404624,71.0,36.0,0.5891704120498223
BU08230008,Verspreide huizen Zuid-Oirschotse Heide,Oirschot,1320,0.1439393939393939,37.0,23.0,0.5882113531668727
BU08580002,Turfberg-Noord,Valkenswaard,2870,0.2526132404181184,58.0,42.0,0.587438179287037
BU17710003,Zesgehuchten,Geldrop-Mierlo,3970,0.2858942065491184,72.0,35.0,0.5873756426711216
BU07941700,Stiphout-Dorp,Helmond,5000,0.307,71.0,47.0,0.5873470821910144
BU08580103,Brouwershof,Valkenswaard,1700,0.2264705882352941,61.0,25.0,0.5868199815034838
BU17240605,Buitengebied Zuid-Oost,Bergeijk,95,0.1052631578947368,34.0,11.0,0.5866724874627121
BU17240201,Tiliaans-Weegbree e.o.,Bergeijk,510,0.1274509803921568,41.0,12.0,0.5851716303373585
BU17710002,Akert,Geldrop-Mierlo,2260,0.2544247787610619,67.0,31.0,0.5848924986470422
BU17240304,Dorpsstraat e.o.,Bergeijk,420,0.1785714285714285,52.0,19.0,0.584865039844618
BU17710005,Braakhuizen-Zuid,Geldrop-Mierlo,4020,0.2475124378109452,65.0,31.0,0.5848579376936167
BU17710006,Coevering,Geldrop-Mierlo,5200,0.2471153846153846,65.0,31.0,0.5846991164153924
BU16590003,Bedrijventerrein Bemmer,Laarbeek,265,0.0943396226415094,27.0,20.0,0.5844823381742673
BU17280006,Bladel Hofstad,Bladel,2015,0.2406947890818858,60.0,38.0,0.583219111850513
BU08580101,Agnetendal,Valkenswaard,2090,0.2320574162679425,63.0,29.0,0.5830456487653318
BU16520203,Industrieterrein Scheiweg,Gemert-Bakel,130,0.1923076923076923,50.0,34.0,0.5807948387985316
BU17240505,Weebosserweg-Breerijt,Bergeijk,180,0.25,67.0,34.0,0.5806635707491747
BU17240004,Burgemeester Magneestraat e.o.,Bergeijk,400,0.25,69.0,31.0,0.5803922117159963
BU16520202,Gemert-Oost,Gemert-Bakel,6015,0.1745635910224439,49.0,28.0,0.579980418784628
BU17280001,Bladel Bedrijventerrein De Sleutel,Bladel,110,0.1363636363636363,39.0,27.0,0.5791719861853584
BU08660002,Voldijn,Waalre,2880,0.2482638888888889,61.0,45.0,0.5791438591419709
BU17710009,Buitengebied Geldrop- West,Geldrop-Mierlo,65,0.1538461538461538,49.0,22.0,0.5766114767009972
BU17280009,Verspreide huizen Bladel,Bladel,670,0.2238805970149253,60.0,38.0,0.5764934350237287
BU07942902,B.Z.O.B.,Helmond,5,0.0,14.0,7.0,0.5751496670956191
BU07723340,Urkhoven,Eindhoven,195,0.1538461538461538,49.0,25.0,0.5741524603075545
BU17240001,Broekstraat-Hoek-Lijnt-Eijkereind,Bergeijk,470,0.2340425531914893,69.0,31.0,0.574009232992592
BU08610200,Oerle,Veldhoven,2905,0.2323580034423407,69.0,31.0,0.5733354130929326
BU17060009,Verspreide huizen in het Oosten,Cranendonck,1210,0.0289256198347107,21.0,13.0,0.5722455682494441
BU07430302,Sterrenbuurt,Asten,1660,0.2289156626506024,74.0,23.0,0.5716899152588646
BU07430501,Hemelberg,Asten,745,0.2214765100671141,71.0,26.0,0.5703508009719584
BU07431001,Ommel centrum,Asten,585,0.1794871794871795,62.0,22.0,0.56912044668437
BU07430303,Oude Bloemenbuurt,Asten,840,0.2083333333333333,70.0,23.0,0.5689177343851993
BU17280004,Bladel Gozelinusbocht,Bladel,940,0.1170212765957446,41.0,27.0,0.5687046668515805
BU07725200,Kapelbeemd,Eindhoven,105,0.1428571428571428,51.0,23.0,0.5686658247476242
BU17710008,Buitengebied Geldrop-Oost,Geldrop-Mierlo,0,,17.0,10.0,0.5685950875622447
BU07723370,Koudenhoven,Eindhoven,535,0.2616822429906542,77.0,38.0,0.5684059022877405
BU17060509,Verspreide huizen Gastelse Hei,Cranendonck,5,0.0,19.0,10.0,0.5658647121356236
BU08480009,Verspreide huizen Son,Son en Breugel,2330,0.0515021459227467,30.0,17.0,0.5657108007402731
BU08580007,Industrieterrein Schaapsloop,Valkenswaard,135,0.1481481481481481,48.0,36.0,0.56422205229904
BU07430504,Hulterman,Asten,510,0.1862745098039215,68.0,24.0,0.5620049082689081
BU07941409,Kloostereind,Helmond,125,0.16,57.0,30.0,0.5615941364068707
BU07725230,Achtse Barrier-Spaaihoef,Eindhoven,4520,0.2112831858407079,72.0,31.0,0.5608099229123477
BU07727330,Ooievaarsnest,Eindhoven,880,0.3125,88.0,54.0,0.5606011861467017
BU07942101,De Veste,Helmond,3015,0.1442786069651741,51.0,34.0,0.5602180169482137
BU07725240,Achtse Barrier-Hoeven,Eindhoven,3885,0.2239382239382239,77.0,30.0,0.5598656717159487
BU07430701,Verspreide huizen Asten west,Asten,365,0.1506849315068493,60.0,23.0,0.5595102507877114
BU08580006,Het Gegraaf,Valkenswaard,2640,0.231060606060606,74.0,39.0,0.5594331385245055
BU08580001,Geenhoven,Valkenswaard,3560,0.2612359550561798,80.0,45.0,0.5583941190559861
BU07620111,Bedrijventerrein De Bottel,Deurne,5,0.0,21.0,16.0,0.5582163039221172
BU17240005,Dokter A.Hoynck van Papendrechtstraat-Dokter Duchateaustraat,Bergeijk,740,0.2162162162162162,73.0,36.0,0.5573195866935027
BU17280002,Bladel Bedrijventerrein De Beemd en Leemskuilen,Bladel,170,0.088235294117647,41.0,27.0,0.5571902738603415
BU07941402,Brouwhuis-Oost,Helmond,2535,0.1814595660749507,63.0,36.0,0.5570688037701023
BU16520107,Verspreide huizen Kampen-Esdonk,Gemert-Bakel,985,0.1116751269035533,48.0,28.0,0.5561902208503824
BU07430401,Paddenstoelenbuurt,Asten,495,0.1616161616161616,67.0,21.0,0.5559657731005574
BU08580106,Oud-Dommelen & Lage Heide,Valkenswaard,2335,0.1734475374732334,67.0,29.0,0.554140946394206
BU17710007,Genoenhuis,Geldrop-Mierlo,3360,0.1741071428571428,67.0,31.0,0.5527654442854746
BU08610207,Verspreide huizen Zittard,Veldhoven,1965,0.089058524173028,43.0,30.0,0.55233017406243
BU08610000,Veldhoven,Veldhoven,5480,0.2025547445255474,66.0,48.0,0.5515752464366387
BU07430101,Hoogveld,Asten,140,0.1785714285714285,74.0,23.0,0.5515522216271951
BU17240017,Industrieterrein ' 't Stoom ',Bergeijk,135,0.1851851851851851,71.0,34.0,0.5492768939700065
BU17710004,Braakhuizen-Noord,Geldrop-Mierlo,4545,0.1749174917491749,68.0,34.0,0.5492653797355341
BU17240016,Eikenberg-Hooge Berkt,Bergeijk,245,0.1836734693877551,71.0,34.0,0.5486722076510344
BU07430702,Hazeldonk,Asten,125,0.16,69.0,26.0,0.5484905723717339
BU07941400,Brouwhuis-Dorp,Helmond,3530,0.1628895184135977,63.0,38.0,0.548001440443266
BU07725440,Heesterakker,Eindhoven,2660,0.2236842105263158,80.0,40.0,0.5474717818997783
BU17710001,Skandia,Geldrop-Mierlo,3130,0.1853035143769968,72.0,35.0,0.5471393658022731
BU08580005,Kerkakkers,Valkenswaard,2435,0.2320328542094455,80.0,45.0,0.5467128787172925
BU17240014,Beistervelden,Bergeijk,895,0.1787709497206704,71.0,34.0,0.5467111997842006
BU07725420,Luytelaer,Eindhoven,1010,0.3613861386138614,112.0,55.0,0.5465714643416448
BU08480002,Industrieterrein Ekkersrijt,Son en Breugel,100,0.05,42.0,22.0,0.5446293291557098
BU08610003,D'Ekker,Veldhoven,4140,0.321256038647343,103.0,53.0,0.5444454580371278
BU07726340,Zandrijk,Eindhoven,2805,0.1746880570409982,72.0,34.0,0.5437128549990211
BU16520104,Doonheide,Gemert-Bakel,1240,0.0766129032258064,47.0,28.0,0.5435305190925942
BU17240502,Van den Tillaartstraat e.o.,Bergeijk,380,0.1710526315789473,73.0,34.0,0.5408934971008902
BU07942103,Stepekolk,Helmond,4000,0.07625,46.0,33.0,0.5406521848598445
BU07430404,Kruidenbuurt,Asten,765,0.1503267973856209,72.0,26.0,0.5405257281860505
BU17280208,Hapert Kempisch Bedrijvenpark,Bladel,0,,34.0,16.0,0.5404688636490796
BU07620114,Bedrijventerrein Rijt-West en Rijt-Oost,Deurne,10,0.0,31.0,21.0,0.5404660661332736
BU17240015,De Kabouterberg e.o.,Bergeijk,250,0.16,71.0,34.0,0.5392028198959324
BU17240009,Bucht e.o.,Bergeijk,270,0.2037037037037037,81.0,40.0,0.5381143914574229
BU07941302,Akkers,Helmond,3615,0.1645919778699861,70.0,40.0,0.5374867659703523
BU07725330,Blixembosch-West,Eindhoven,1995,0.2431077694235588,94.0,44.0,0.5328498889477372
BU07725350,Castiliëlaan,Eindhoven,820,0.0365853658536585,51.0,16.0,0.5318948188642632
BU17240211,Industrieterrein 'Zoeferbeemd',Bergeijk,5,0.0,43.0,12.0,0.5314608627538746
BU07724360,Eckartdal,Eindhoven,330,0.3181818181818182,113.0,52.0,0.5303835648489597
BU07942100,Brand,Helmond,1425,0.0666666666666666,51.0,34.0,0.5291732408288107
BU07430301,Appelbuurt,Asten,455,0.1208791208791208,74.0,23.0,0.5284752985502721
BU17240209,Industrieterrein 'Loonsebaan',Bergeijk,20,0.0,45.0,15.0,0.5262714709338108
BU07723330,"Muschberg, Geestenberg",Eindhoven,4010,0.1820448877805486,77.0,51.0,0.5258952224987802
BU07723360,Karpen,Eindhoven,455,0.2967032967032967,108.0,56.0,0.5253394062995138
BU07726370,Flight Forum,Eindhoven,60,0.0,45.0,18.0,0.5238124545403682
BU07941609,Overbrug,Helmond,135,0.2592592592592592,98.0,57.0,0.523193996323857
BU07941809,Berkendonk,Helmond,65,0.1538461538461538,78.0,43.0,0.5198079182608921
BU17240010,Schutsboom e.o.,Bergeijk,695,0.1726618705035971,88.0,40.0,0.5161413441842062
BU07941202,Eeuwsels,Helmond,3875,0.192258064516129,85.0,55.0,0.5157803029619376
BU07726399,Meerrijk,Eindhoven,1300,0.1923076923076923,93.0,42.0,0.5155343900769963
BU08610103,De Polders,Veldhoven,2665,0.2645403377110694,107.0,55.0,0.5146590825470809
BU07941801,Rijpelberg-Oost,Helmond,3280,0.1768292682926829,89.0,48.0,0.5098857385373495
BU07430403,Vlinderbuurt,Asten,205,0.024390243902439,62.0,20.0,0.5087210167127688
BU07430405,Loverbosch,Asten,715,0.0419580419580419,67.0,21.0,0.5081025252373096
BU07725220,Achtse Barrier-Gunterslaer,Eindhoven,3770,0.2055702917771883,100.0,47.0,0.5071847552158829
BU07942901,Hoogeind,Helmond,290,0.2758620689655172,105.0,73.0,0.5071640521148255
BU17240501,Loo,Bergeijk,505,0.1485148514851485,87.0,41.0,0.5070280521589898
BU07941401,Brouwhuis-West,Helmond,2700,0.1425925925925926,82.0,49.0,0.50492771011934
BU07724330,Hondsheuvels,Eindhoven,415,0.5903614457831325,175.0,118.0,0.5005154170084917
BU08200008,"Verspreide huizen Boord, Opwetten","Nuenen, Gerwen en Nederwetten",1445,0.0657439446366782,77.0,27.0,0.49904697638877304
BU07723350,'t Hofke,Eindhoven,3755,0.2010652463382157,99.0,57.0,0.498551203442129
BU07726270,Herdgang,Eindhoven,10,0.0,51.0,39.0,0.49840821350640635
BU07941309,Groot Goor,Helmond,50,0.2,96.0,65.0,0.49566329099759415
BU07942102,Schutsboom,Helmond,3330,0.1021021021021021,80.0,44.0,0.49556025000550263
BU07727320,Hanevoet,Eindhoven,3665,0.223738062755798,104.0,64.0,0.4950566865245763
BU07430103,Florapark,Asten,0,,65.0,20.0,0.49486935601186155
BU08610101,Heikant-Oost,Veldhoven,2530,0.2391304347826087,113.0,57.0,0.49466465083353806
BU07722380,Schuttersbosch,Eindhoven,710,0.2957746478873239,112.0,90.0,0.4916383434608659
BU08610001,Meerveldhoven,Veldhoven,2545,0.2612966601178781,123.0,58.0,0.4890595917033925
BU17240504,Langveld e.o.,Bergeijk,365,0.0273972602739726,71.0,31.0,0.4886207403989641
BU07722350,Gijzenrooi,Eindhoven,1745,0.2607449856733524,107.0,85.0,0.48855077779756795
BU08610100,Heikant-West,Veldhoven,3725,0.2053691275167785,108.0,58.0,0.48716639436261144
BU07726390,Bosrijk,Eindhoven,725,0.0620689655172413,76.0,42.0,0.48664709048709576
BU08610005,'t Look,Veldhoven,2785,0.2280071813285457,113.0,62.0,0.48611698879617526
BU07941201,Binderen,Helmond,4425,0.2576271186440678,111.0,81.0,0.4851215686572019
BU08610004,Zonderwijk,Veldhoven,3495,0.2145922746781116,110.0,66.0,0.48156790075134315
BU07725430,Vaartbroek,Eindhoven,5400,0.1648148148148148,104.0,52.0,0.48132345292195355
BU08580008,Den Dries,Valkenswaard,20,0.0,66.0,36.0,0.4803894142001902
BU07430102,Nobis,Asten,55,0.0,74.0,23.0,0.4801236501986237
BU08610006,Cobbeek en Centrum,Veldhoven,4035,0.2379182156133829,121.0,61.0,0.479979572934773
BU07941900,Kern Dierdonk,Helmond,4715,0.144220572640509,96.0,58.0,0.4790892249718305
BU07726360,Park Forum,Eindhoven,25,0.0,73.0,26.0,0.4790298215184916
BU07941701,Schooten,Helmond,270,0.1851851851851851,102.0,69.0,0.47826755026721446
BU07725110,Driehoeksbos,Eindhoven,940,0.3723404255319149,152.0,80.0,0.4758538672977545
BU07941303,Gansenwinkel,Helmond,1350,0.2185185185185185,108.0,79.0,0.47521303600920906
BU17240503,Industrieterrein 'Waterlaat',Bergeijk,25,0.0,71.0,34.0,0.4752028198959324
BU07941501,Houtsdonk,Helmond,745,0.2751677852348993,126.0,77.0,0.47493870811846595
BU07722240,Roosten,Eindhoven,800,0.1875,100.0,79.0,0.4737271303082863
BU08610102,De Kelen,Veldhoven,3925,0.1592356687898089,109.0,52.0,0.47226585594539816
BU08610209,Verspreide huizen Scherpenering en Landsaard,Veldhoven,1105,0.0814479638009049,93.0,42.0,0.4711904986742813
BU07725340,Blixembosch-Oost,Eindhoven,7685,0.1223162003903708,100.0,53.0,0.46896508587427066
BU07723280,Tongelresche Akkers,Eindhoven,2370,0.0696202531645569,87.0,53.0,0.4656341472569827
BU07941200,Bloemvelden,Helmond,3990,0.175438596491228,107.0,72.0,0.46508395982963624
BU07941601,Zwanenbeemd,Helmond,1550,0.2709677419354839,132.0,78.0,0.4642478923876887
BU07727270,Beemden,Eindhoven,0,,70.0,50.0,0.4634532535108824
BU07724260,Vredeoord,Eindhoven,450,0.1333333333333333,105.0,61.0,0.45998862343572244
BU07723220,Doornakkers-Oost,Eindhoven,2930,0.189419795221843,108.0,84.0,0.4594751860348012
BU07941300,'t Hout-Centrum,Helmond,3680,0.2377717391304347,125.0,80.0,0.45888646099654806
BU07941301,Kroon,Helmond,2475,0.1979797979797979,117.0,75.0,0.4579895468985158
BU07726350,Waterrijk,Eindhoven,2530,0.025691699604743,89.0,39.0,0.45680776024250147
BU07725320,Tempel,Eindhoven,5150,0.2300970873786407,133.0,66.0,0.45637050842541144
BU07941802,Rijpelberg-West,Helmond,4805,0.1529656607700312,112.0,67.0,0.4533672076303422
BU08610002,Zeelst,Veldhoven,5330,0.2973733583489681,150.0,75.0,0.4526957765069347
BU07727250,"Bennekel-West, Gagelbosch",Eindhoven,3375,0.2577777777777778,130.0,90.0,0.451866216577457
BU07941000,Centrum,Helmond,3345,0.3168908819133034,144.0,101.0,0.4473824368026962
BU07941600,Oranjebuurt,Helmond,1375,0.28,141.0,93.0,0.4432790242264869
BU07941007,Steenweg en omgeving,Helmond,1205,0.3526970954356846,156.0,106.0,0.44122430899618403
BU07727310,Genderbeemd,Eindhoven,3565,0.2187938288920056,132.0,81.0,0.44091931077685487
BU07941004,Stationsgebied,Helmond,1165,0.2618025751072961,139.0,96.0,0.43627141330258384
BU07726330,Grasrijk,Eindhoven,6115,0.0948487326246933,115.0,58.0,0.4334019224126032
BU07722340,Tivoli,Eindhoven,1505,0.1860465116279069,121.0,100.0,0.42726367822582845
BU07724350,Oude Gracht-Oost,Eindhoven,1335,0.2434456928838951,151.0,80.0,0.4256611619518572
BU07725410,Eckart,Eindhoven,4355,0.2020665901262916,146.0,75.0,0.42003382007110646
BU07941006,Annabuurt en Suytkade,Helmond,2005,0.1620947630922693,132.0,84.0,0.41578066806351766
BU07726230,Lievendaal,Eindhoven,3175,0.1574803149606299,127.0,96.0,0.41092476180364435
BU07725310,Woenselse Heide,Eindhoven,5255,0.1941008563273073,156.0,80.0,0.39909728876266914
BU07941102,Straakven,Helmond,2975,0.1831932773109243,141.0,100.0,0.3988186302328238
BU07941500,West,Helmond,3985,0.1555834378920953,139.0,92.0,0.3970624469410937
BU07941101,Beisterveldse Broek,Helmond,2475,0.1777777777777777,150.0,96.0,0.3876444295243601
BU07941002,Leonardus,Helmond,2395,0.1377870563674321,143.0,91.0,0.3853028156091337
BU07722250,Eikenburg,Eindhoven,1505,0.2259136212624584,151.0,121.0,0.38504177592623334
BU07725140,'t Hool,Eindhoven,2275,0.156043956043956,154.0,83.0,0.3841458876825071
BU07941003,Heipoort,Helmond,4055,0.1307028360049321,142.0,91.0,0.3838343151774442
BU07725160,Vlokhoven,Eindhoven,3645,0.2085048010973937,170.0,84.0,0.3824675501597654
BU07726210,Hurk,Eindhoven,50,0.1,130.0,99.0,0.38137805628601806
BU07722300,Puttense Dreef,Eindhoven,1270,0.1417322834645669,139.0,105.0,0.38086624746516434
BU07722370,Kruidenbuurt,Eindhoven,3355,0.0998509687034277,124.0,119.0,0.3731161274243017
BU07722310,Poeijers,Eindhoven,0,,112.0,97.0,0.3675907793879036
BU07723210,Doornakkers-West,Eindhoven,3480,0.1422413793103448,144.0,121.0,0.36112919313856195
BU07725120,Prinsejagt,Eindhoven,4700,0.226595744680851,178.0,106.0,0.3607496390014178
BU07725130,Jagershoef,Eindhoven,3590,0.1977715877437326,177.0,98.0,0.3571425409890614
BU07727210,Genderdal,Eindhoven,2925,0.1743589743589743,153.0,128.0,0.3559518368201857
BU07941100,Beisterveld,Helmond,2455,0.1914460285132382,172.0,106.0,0.3548808788142362
BU07722230,Genneperzijde,Eindhoven,1345,0.4423791821561338,203.0,177.0,0.354736599847291
BU07941005,Vossenberg,Helmond,3285,0.1171993911719939,158.0,95.0,0.3533112453067095
BU07726240,Drents Dorp,Eindhoven,2660,0.1203007518796992,146.0,122.0,0.348802894608535
BU07722320,Burghplan,Eindhoven,2975,0.1277310924369747,147.0,130.0,0.34385246606895425
BU07724310,Generalenbuurt,Eindhoven,5545,0.1830477908025247,177.0,111.0,0.34059728450766014
BU07724340,Oude Gracht-West,Eindhoven,2890,0.185121107266436,187.0,115.0,0.32449604543552873
BU07726220,Het Ven,Eindhoven,3910,0.1419437340153452,166.0,139.0,0.3162219069670736
BU07727260,Gennep,Eindhoven,40,0.125,168.0,129.0,0.31491075924578976
BU07726250,Zwaanstraat,Eindhoven,1350,0.0481481481481481,151.0,122.0,0.3131159145493616
BU07722360,Nieuwe Erven,Eindhoven,1170,0.1452991452991453,165.0,147.0,0.3123718821447239
BU07725150,Winkelcentrum,Eindhoven,680,0.1838235294117647,199.0,110.0,0.31169312238967095
BU07727220,Blaarthem,Eindhoven,2505,0.1437125748502994,171.0,145.0,0.3051854719476171
BU07722180,Elzent-Zuid,Eindhoven,270,0.3888888888888889,217.0,189.0,0.3043917889802744
BU07726130,Engelsbergen,Eindhoven,635,0.2440944881889764,188.0,167.0,0.3040972592715621
BU07724320,Oude Toren,Eindhoven,1705,0.3020527859237537,205.0,168.0,0.3032527151080457
BU07722210,Kerstroosplein,Eindhoven,1880,0.1117021276595744,163.0,146.0,0.3024831226466642
BU07727240,Bennekel-Oost,Eindhoven,3315,0.1372549019607843,174.0,144.0,0.29932651178302694
BU07722330,Sintenbuurt,Eindhoven,1970,0.1218274111675127,168.0,151.0,0.29560893682754896
BU07724240,Mensfort,Eindhoven,3240,0.1697530864197531,194.0,141.0,0.2874810476938454
BU07722220,Gerardusplein,Eindhoven,3370,0.129080118694362,175.0,153.0,0.28731436158281953
BU07724230,Barrier,Eindhoven,2040,0.159313725490196,193.0,139.0,0.2863098352976282
BU07724220,Kronehoef,Eindhoven,4675,0.2556149732620321,207.0,165.0,0.2844062310101785
BU07722140,Tuindorp,Eindhoven,2875,0.24,197.0,176.0,0.2827957253958485
BU07722260,Sportpark Aalsterweg,Eindhoven,35,0.0,155.0,129.0,0.2826581995188273
BU07727130,Hagenkamp,Eindhoven,1225,0.3306122448979592,220.0,188.0,0.27780524037511833
BU07726150,Schoot,Eindhoven,3585,0.1129707112970711,188.0,165.0,0.2532870927770951
BU07726140,Schouwbroek,Eindhoven,1520,0.1480263157894736,198.0,171.0,0.24873942465406507
BU07722170,Looiakkers,Eindhoven,685,0.1678832116788321,202.0,184.0,0.2405656944516481
BU07726160,Strijp S,Eindhoven,3110,0.0209003215434083,183.0,150.0,0.23557995740939602
BU07722120,Rochusbuurt,Eindhoven,1835,0.0790190735694822,186.0,176.0,0.23342041967005775
BU07724250,Rapenland,Eindhoven,2375,0.1178947368421052,211.0,155.0,0.23205410690044082
BU07722160,Bloemenplein,Eindhoven,1235,0.117408906882591,198.0,179.0,0.2299350840421317
BU07723120,Lakerlopen,Eindhoven,3220,0.1350931677018633,207.0,185.0,0.21980406616316017
BU07721150,TU-terrein,Eindhoven,2225,0.0067415730337078,205.0,145.0,0.20398068896842075
BU07724210,Woensel-West,Eindhoven,5895,0.0585241730279898,211.0,165.0,0.20010916006331922
BU07722150,Joriskwartier,Eindhoven,1340,0.1082089552238805,215.0,190.0,0.19403051880974467
BU07727230,Rapelenburg,Eindhoven,1240,0.1169354838709677,221.0,188.0,0.19096934825101117
BU07726120,Philipsdorp,Eindhoven,3665,0.1064120054570259,215.0,203.0,0.18265600119808478
BU07723110,Villapark,Eindhoven,2475,0.1616161616161616,234.0,200.0,0.1812581135022807
BU07724130,Gildebuurt,Eindhoven,1680,0.1636904761904762,244.0,191.0,0.17581301137922858
BU07727110,Schrijversbuurt,Eindhoven,3520,0.1832386363636363,236.0,218.0,0.17242262961399368
BU07722110,Irisbuurt,Eindhoven,2880,0.0989583333333333,220.0,204.0,0.17202892165090733
BU07722130,Elzent-Noord,Eindhoven,1170,0.1752136752136752,241.0,213.0,0.166485067243194
BU07724100,Limbeek-Zuid,Eindhoven,1585,0.1577287066246056,241.0,212.0,0.16031075193871375
BU07724110,Limbeek-Noord,Eindhoven,2860,0.0559440559440559,235.0,180.0,0.15401752614307862
BU07724140,Woenselse Watermolen,Eindhoven,1655,0.0996978851963746,242.0,202.0,0.14392995696558616
BU07724120,Hemelrijken,Eindhoven,4100,0.0939024390243902,245.0,199.0,0.1399752317503033
BU07726110,"Eliasterrein, Vonderkwartier",Eindhoven,3330,0.1411411411411411,248.0,220.0,0.1375620347029735
BU07727120,Oude Spoorbaan,Eindhoven,2175,0.1149425287356321,249.0,228.0,0.11916002497827903
BU07721140,Fellenoord,Eindhoven,190,0.0,241.0,209.0,0.0996782856823141
BU07721130,Witte Dame,Eindhoven,2250,0.0933333333333333,269.0,234.0,0.07829455976426267
BU07721120,Bergen,Eindhoven,2800,0.0928571428571428,268.0,243.0,0.07209222210676919
BU07721110,Binnenstad,Eindhoven,4000,0.09125,293.0,244.0,0.0365
